[ {
  "accountId" : "SubtoLawin_LOL123",
  "status" : "ACCEPTED",
  "direction" : "OUTBOUND",
  "created" : "2000-05-11T15:53:53.072Z",
  "favorite" : false
  },
  {
  "accountId" : "Followlawin_LOL123",
  "status" : "ACCEPTED",
  "direction" : "OUTBOUND",
  "created" : "2000-04-08T12:32:42.069Z",
  "favorite" : false
  },
  {
  "accountId" : "NINJALOL_1238",
  "status" : "ACCEPTED",
  "direction" : "OUTBOUND",
  "created" : "2000-04-08T12:32:42.069Z",
  "favorite" : false
  },
  {
  "accountId" : "TFUELOL_1238",
  "status" : "ACCEPTED",
  "direction" : "OUTBOUND",
  "created" : "2000-04-08T12:32:42.069Z",
  "favorite" : false
  },
  {
  "accountId" : "ALIALOL_1238",
  "status" : "ACCEPTED",
  "direction" : "OUTBOUND",
  "created" : "2000-04-08T12:32:42.069Z",
  "favorite" : false
  },
  {
  "accountId" : "DAKOTAZLOL_1238",
  "status" : "ACCEPTED",
  "direction" : "OUTBOUND",
  "created" : "2000-04-08T12:32:42.069Z",
  "favorite" : false
  },
  {
  "accountId" : "SYPHERPKLOL_1238",
  "status" : "ACCEPTED",
  "direction" : "OUTBOUND",
  "created" : "2000-04-08T12:32:42.069Z",
  "favorite" : false
  },
  {
  "accountId" : "NICKEH30LOLL_2897669",
  "status" : "PENDING",
  "direction" : "OUTBOUND",
  "created" : "2000-04-08T12:32:42.069Z",
  "favorite" : false
  }
]
