{
  "created": "2020-01-01T17:22:28.023Z",
  "updated": "2020-06-21T19:06:31.519Z",
  "rvn": 205,
  "wipeNumber": 1,
  "accountId": "LawinServer",
  "profileId": "common_core",
  "version": "no_version",
  "items": {
    "Campaign": {
      "templateId": "Token:campaignaccess",
      "attributes": {
        "max_level_bonus": 0,
        "level": 1,
        "item_seen": true,
        "xp": 0,
        "favorite": false
      },
      "quantity": 1
    },
    "CampaignFoundersPack1": {
      "templateId": "Token:founderspack_1",
      "attributes": {
        "max_level_bonus": 0,
        "level": 1,
        "item_seen": true,
        "xp": 0,
        "favorite": false
      },
      "quantity": 1
    },
    "23c79833-cea4-4f30-85e2-20f4b82aa2e0": {
      "templateId": "HomebaseBannerColor:defaultcolor1",
      "attributes": {
        "item_seen": 1
      },
      "quantity": 1
    },
    "978d3e82-8b4c-4a6d-806f-0dfd1cc1694e": {
      "templateId": "HomebaseBannerColor:defaultcolor2",
      "attributes": {
        "item_seen": 1
      },
      "quantity": 1
    },
    "e7d15670-4d2d-46b2-af08-fe26821699ce": {
      "templateId": "HomebaseBannerColor:defaultcolor3",
      "attributes": {
        "item_seen": 1
      },
      "quantity": 1
    },
    "7d1c5947-33e4-41b8-9adb-694076b59f8c": {
      "templateId": "HomebaseBannerColor:defaultcolor4",
      "attributes": {
        "item_seen": 1
      },
      "quantity": 1
    },
    "8e53ffbf-40f6-46b2-a076-f29930cdb5dc": {
      "templateId": "HomebaseBannerColor:defaultcolor5",
      "attributes": {
        "item_seen": 1
      },
      "quantity": 1
    },
    "88355f7c-ddeb-4fa0-9953-e811707540ed": {
      "templateId": "HomebaseBannerColor:defaultcolor6",
      "attributes": {
        "item_seen": 1
      },
      "quantity": 1
    },
    "f18f8ef3-1080-4cc0-87cc-2fc18dbab77a": {
      "templateId": "HomebaseBannerColor:defaultcolor7",
      "attributes": {
        "item_seen": 1
      },
      "quantity": 1
    },
    "e9674f09-c41e-4e5e-a47c-941bcacfc042": {
      "templateId": "HomebaseBannerColor:defaultcolor8",
      "attributes": {
        "item_seen": 1
      },
      "quantity": 1
    },
    "281bae81-42bd-4e04-b1fd-1109c187cb35": {
      "templateId": "HomebaseBannerColor:defaultcolor9",
      "attributes": {
        "item_seen": 1
      },
      "quantity": 1
    },
    "92306c58-6521-4bf7-b9e5-e894b87055fb": {
      "templateId": "HomebaseBannerColor:defaultcolor10",
      "attributes": {
        "item_seen": 1
      },
      "quantity": 1
    },
    "8aa755ec-de55-42a3-8733-adff90748022": {
      "templateId": "HomebaseBannerColor:defaultcolor11",
      "attributes": {
        "item_seen": 1
      },
      "quantity": 1
    },
    "80ee7455-1c79-4f65-8441-5b73721fe37e": {
      "templateId": "HomebaseBannerColor:defaultcolor12",
      "attributes": {
        "item_seen": 1
      },
      "quantity": 1
    },
    "d05b559c-debb-4e73-8cb3-b71d988c786e": {
      "templateId": "HomebaseBannerColor:defaultcolor13",
      "attributes": {
        "item_seen": 1
      },
      "quantity": 1
    },
    "dcdea04c-ea1e-43e5-aa60-53a3e2b8168e": {
      "templateId": "HomebaseBannerColor:defaultcolor14",
      "attributes": {
        "item_seen": 1
      },
      "quantity": 1
    },
    "7eaa1e18-c3c0-4081-aea0-62a62d2f2233": {
      "templateId": "HomebaseBannerColor:defaultcolor15",
      "attributes": {
        "item_seen": 1
      },
      "quantity": 1
    },
    "7c844796-c028-49b2-bb60-c147926fe5d1": {
      "templateId": "HomebaseBannerColor:defaultcolor16",
      "attributes": {
        "item_seen": 1
      },
      "quantity": 1
    },
    "5a4aa18b-5bef-422d-88e5-1cd116115f70": {
      "templateId": "HomebaseBannerColor:defaultcolor17",
      "attributes": {
        "item_seen": 1
      },
      "quantity": 1
    },
    "e44badd9-9254-4e26-8237-fa5d16cf444c": {
      "templateId": "HomebaseBannerColor:defaultcolor18",
      "attributes": {
        "item_seen": 1
      },
      "quantity": 1
    },
    "e8ea1bb3-7259-4282-902d-babdc84a3928": {
      "templateId": "HomebaseBannerColor:defaultcolor19",
      "attributes": {
        "item_seen": 1
      },
      "quantity": 1
    },
    "eaf67234-ca78-4821-9223-84c39a600602": {
      "templateId": "HomebaseBannerColor:defaultcolor20",
      "attributes": {
        "item_seen": 1
      },
      "quantity": 1
    },
    "21174768-fb85-45ef-ba8d-ead4841d99c7": {
      "templateId": "HomebaseBannerColor:defaultcolor21",
      "attributes": {
        "item_seen": 1
      },
      "quantity": 1
    },
    "19c88cb1-801f-4e2e-bc2e-a3ab674ae597": {
      "templateId": "HomebaseBannerIcon:standardbanner1",
      "attributes": {
        "item_seen": 1
      },
      "quantity": 1
    },
    "b0287b86-cabc-4e09-9dbb-65ab254ec2ba": {
      "templateId": "HomebaseBannerIcon:standardbanner2",
      "attributes": {
        "item_seen": 1
      },
      "quantity": 1
    },
    "b2880e9c-f80e-48f8-b671-1dd4132ec586": {
      "templateId": "HomebaseBannerIcon:standardbanner3",
      "attributes": {
        "item_seen": 1
      },
      "quantity": 1
    },
    "61d09a74-d600-4b95-b275-56eb0892385a": {
      "templateId": "HomebaseBannerIcon:standardbanner4",
      "attributes": {
        "item_seen": 1
      },
      "quantity": 1
    },
    "fdb69ac3-cecb-4b09-94ec-7d2861f6d6e9": {
      "templateId": "HomebaseBannerIcon:standardbanner5",
      "attributes": {
        "item_seen": 1
      },
      "quantity": 1
    },
    "d16a1f61-1be8-4b43-9e80-aea2c3f54417": {
      "templateId": "HomebaseBannerIcon:standardbanner6",
      "attributes": {
        "item_seen": 1
      },
      "quantity": 1
    },
    "5e4e3421-f899-499e-8ce7-47ebb9c233fd": {
      "templateId": "HomebaseBannerIcon:standardbanner7",
      "attributes": {
        "item_seen": 1
      },
      "quantity": 1
    },
    "34ee9a9d-7fe3-49b4-be6c-6a49ea0d1163": {
      "templateId": "HomebaseBannerIcon:standardbanner8",
      "attributes": {
        "item_seen": 1
      },
      "quantity": 1
    },
    "26c040a8-3027-4539-9e3d-198e176c6658": {
      "templateId": "HomebaseBannerIcon:standardbanner9",
      "attributes": {
        "item_seen": 1
      },
      "quantity": 1
    },
    "dd5984ce-b18f-4c73-aeca-abe20e07e83d": {
      "templateId": "HomebaseBannerIcon:standardbanner10",
      "attributes": {
        "item_seen": 1
      },
      "quantity": 1
    },
    "480fda3e-286a-47f8-af97-2d8a2c389cca": {
      "templateId": "HomebaseBannerIcon:standardbanner11",
      "attributes": {
        "item_seen": 1
      },
      "quantity": 1
    },
    "b311a6ab-e8f3-43f3-b638-873786b4be93": {
      "templateId": "HomebaseBannerIcon:standardbanner12",
      "attributes": {
        "item_seen": 1
      },
      "quantity": 1
    },
    "501ea071-e91d-4df3-93f3-e748980d9e00": {
      "templateId": "HomebaseBannerIcon:standardbanner13",
      "attributes": {
        "item_seen": 1
      },
      "quantity": 1
    },
    "853d6f1f-6e31-46bc-9c14-48af09ea54a3": {
      "templateId": "HomebaseBannerIcon:standardbanner14",
      "attributes": {
        "item_seen": 1
      },
      "quantity": 1
    },
    "58b86a27-804a-4f38-8305-81e9b7e2ff9c": {
      "templateId": "HomebaseBannerIcon:standardbanner15",
      "attributes": {
        "item_seen": 1
      },
      "quantity": 1
    },
    "928b2411-0983-48fc-bae4-b0b7e0528501": {
      "templateId": "HomebaseBannerIcon:standardbanner16",
      "attributes": {
        "item_seen": 1
      },
      "quantity": 1
    },
    "10f7070e-1e43-488a-a7d6-228fb972dd46": {
      "templateId": "HomebaseBannerIcon:standardbanner17",
      "attributes": {
        "item_seen": 1
      },
      "quantity": 1
    },
    "95d86406-1920-4e05-a67e-516c715145bc": {
      "templateId": "HomebaseBannerIcon:standardbanner18",
      "attributes": {
        "item_seen": 1
      },
      "quantity": 1
    },
    "5a75035c-07c1-4e5c-bffd-3a48201cb759": {
      "templateId": "HomebaseBannerIcon:standardbanner19",
      "attributes": {
        "item_seen": 1
      },
      "quantity": 1
    },
    "4f2e02ce-bfe0-4e36-badd-c102fc26a1cb": {
      "templateId": "HomebaseBannerIcon:standardbanner20",
      "attributes": {
        "item_seen": 1
      },
      "quantity": 1
    },
    "982e4286-efaa-4e12-9ea8-be32374fb686": {
      "templateId": "HomebaseBannerIcon:standardbanner21",
      "attributes": {
        "item_seen": 1
      },
      "quantity": 1
    },
    "1d68c704-5ada-45a1-8d67-97856cc3cea6": {
      "templateId": "HomebaseBannerIcon:standardbanner22",
      "attributes": {
        "item_seen": 1
      },
      "quantity": 1
    },
    "a480fe34-5580-48a9-b7c7-18d82aec5b0a": {
      "templateId": "HomebaseBannerIcon:standardbanner23",
      "attributes": {
        "item_seen": 1
      },
      "quantity": 1
    },
    "27078d37-2cd1-4a36-841a-0865da1eb3bc": {
      "templateId": "HomebaseBannerIcon:standardbanner24",
      "attributes": {
        "item_seen": 1
      },
      "quantity": 1
    },
    "2d02eef0-9ec0-4158-961f-f3ba723927b9": {
      "templateId": "HomebaseBannerIcon:standardbanner25",
      "attributes": {
        "item_seen": 1
      },
      "quantity": 1
    },
    "a064d394-46d6-4618-9ee9-05e8f9be0216": {
      "templateId": "HomebaseBannerIcon:standardbanner26",
      "attributes": {
        "item_seen": 1
      },
      "quantity": 1
    },
    "a78e3fb8-c7f9-4246-b619-ce35184cbfa2": {
      "templateId": "HomebaseBannerIcon:standardbanner27",
      "attributes": {
        "item_seen": 1
      },
      "quantity": 1
    },
    "6d835a69-6566-4942-83d7-f8afbb81594c": {
      "templateId": "HomebaseBannerIcon:standardbanner28",
      "attributes": {
        "item_seen": 1
      },
      "quantity": 1
    },
    "19b9843c-ba41-40a7-8317-085748788ffe": {
      "templateId": "HomebaseBannerIcon:standardbanner29",
      "attributes": {
        "item_seen": 1
      },
      "quantity": 1
    },
    "7cdee8e9-6e4e-490a-872f-a83f4ec01ea3": {
      "templateId": "HomebaseBannerIcon:standardbanner30",
      "attributes": {
        "item_seen": 1
      },
      "quantity": 1
    },
    "70e4e8a6-d44f-4e43-9356-a82bdc9be002": {
      "templateId": "HomebaseBannerIcon:standardbanner31",
      "attributes": {
        "item_seen": 1
      },
      "quantity": 1
    },
    "HomebaseBannerIcon:brseason01": {
      "templateId": "HomebaseBannerIcon:BRSeason01",
      "attributes": {
        "item_seen": 1
      },
      "quantity": 1
    },
    "2980319b-88cf-42d2-8210-df7a24a534c5": {
      "templateId": "HomebaseBannerIcon:BRSeason02Bush",
      "attributes": {
        "item_seen": 1
      },
      "quantity": 1
    },
    "a95dc85c-1438-4950-a217-6605951c93e8": {
      "templateId": "HomebaseBannerIcon:BRSeason02Salt",
      "attributes": {
        "item_seen": 1
      },
      "quantity": 1
    },
    "4cdb5a4b-25a8-462c-9abe-d2d306863c19": {
      "templateId": "HomebaseBannerIcon:BRSeason02LionHerald",
      "attributes": {
        "item_seen": 1
      },
      "quantity": 1
    },
    "d1d01356-9120-44b2-af40-fd2be08babe7": {
      "templateId": "HomebaseBannerIcon:BRSeason02CatSoldier",
      "attributes": {
        "item_seen": 1
      },
      "quantity": 1
    },
    "b832bbd3-2b08-4f77-9fdb-f5678f0025d6": {
      "templateId": "HomebaseBannerIcon:BRSeason02Dragon",
      "attributes": {
        "item_seen": 1
      },
      "quantity": 1
    },
    "0c69f1a7-2a98-47e7-a2cc-2a31c11e6d11": {
      "templateId": "HomebaseBannerIcon:BRSeason02Planet",
      "attributes": {
        "item_seen": 1
      },
      "quantity": 1
    },
    "64a01ee3-42f9-40ed-b6f4-4cdf367254a0": {
      "templateId": "HomebaseBannerIcon:BRSeason02Crosshair",
      "attributes": {
        "item_seen": 1
      },
      "quantity": 1
    },
    "aec6d9df-2808-413a-8a07-132511423a14": {
      "templateId": "HomebaseBannerIcon:BRSeason02Bowling",
      "attributes": {
        "item_seen": 1
      },
      "quantity": 1
    },
    "061660c6-f9a3-433a-840a-f125f1e86c43": {
      "templateId": "HomebaseBannerIcon:BRSeason02MonsterTruck",
      "attributes": {
        "item_seen": 1
      },
      "quantity": 1
    },
    "30baf3c8-b877-4596-8dfc-d216bc9e0aa6": {
      "templateId": "HomebaseBannerIcon:BRSeason02Shark",
      "attributes": {
        "item_seen": 1
      },
      "quantity": 1
    },
    "f85b95b6-f4b8-458e-a53c-5b11b990bcf0": {
      "templateId": "HomebaseBannerIcon:BRSeason02IceCream",
      "attributes": {
        "item_seen": 1
      },
      "quantity": 1
    },
    "a479ee03-47ab-4755-b087-2a0d4808d1d9": {
      "templateId": "HomebaseBannerIcon:BRSeason02Log",
      "attributes": {
        "item_seen": 1
      },
      "quantity": 1
    },
    "5e1b6a7d-0b10-47c2-84de-769cd0da2b54": {
      "templateId": "HomebaseBannerIcon:BRSeason02Cake",
      "attributes": {
        "item_seen": 1
      },
      "quantity": 1
    },
    "5e55cc48-c63f-445d-9d6b-6ba25c1d417c": {
      "templateId": "HomebaseBannerIcon:BRSeason02Tank",
      "attributes": {
        "item_seen": 1
      },
      "quantity": 1
    },
    "2d20d835-339a-4802-b62b-458ba5f5e622": {
      "templateId": "HomebaseBannerIcon:BRSeason02GasMask",
      "attributes": {
        "item_seen": 1
      },
      "quantity": 1
    },
    "16d5027a-fe88-423c-8602-bc0d42b006b4": {
      "templateId": "HomebaseBannerIcon:BRSeason02Vulture",
      "attributes": {
        "item_seen": 1
      },
      "quantity": 1
    },
    "5b00106c-fa9d-4998-b6e4-c910392499ad": {
      "templateId": "HomebaseBannerIcon:BRSeason02Sawhorse",
      "attributes": {
        "item_seen": 1
      },
      "quantity": 1
    },
    "aafc21aa-dbf0-4309-bd4e-71513bafd57c": {
      "templateId": "HomebaseBannerIcon:BRSeason03Bee",
      "attributes": {
        "item_seen": 1
      },
      "quantity": 1
    },
    "5999424b-0f8b-4c26-946c-cbd7f98ae971": {
      "templateId": "HomebaseBannerIcon:BRSeason03Chick",
      "attributes": {
        "item_seen": 1
      },
      "quantity": 1
    },
    "25b8bec9-5204-4d9f-a263-48bb248d0ab0": {
      "templateId": "HomebaseBannerIcon:BRSeason03Chicken",
      "attributes": {
        "item_seen": 1
      },
      "quantity": 1
    },
    "c9cc0c0e-2e97-45f1-9904-750b7826f777": {
      "templateId": "HomebaseBannerIcon:BRSeason03Crab",
      "attributes": {
        "item_seen": 1
      },
      "quantity": 1
    },
    "50dae029-a36c-44dd-8fc9-a8bc928fbed2": {
      "templateId": "HomebaseBannerIcon:BRSeason03CrescentMoon",
      "attributes": {
        "item_seen": 1
      },
      "quantity": 1
    },
    "54f7a15a-c4e1-4f50-89db-2589ed18c957": {
      "templateId": "HomebaseBannerIcon:BRSeason03DeadFish",
      "attributes": {
        "item_seen": 1
      },
      "quantity": 1
    },
    "1704c52a-5152-49fb-b4cd-da1949b50494": {
      "templateId": "HomebaseBannerIcon:BRSeason03DinosaurSkull",
      "attributes": {
        "item_seen": 1
      },
      "quantity": 1
    },
    "67f40ee1-c941-424f-8485-ccb6aba68737": {
      "templateId": "HomebaseBannerIcon:BRSeason03DogCollar",
      "attributes": {
        "item_seen": 1
      },
      "quantity": 1
    },
    "9c242847-363f-4c6c-9f3d-e450de675297": {
      "templateId": "HomebaseBannerIcon:BRSeason03Donut",
      "attributes": {
        "item_seen": 1
      },
      "quantity": 1
    },
    "cf7bee97-cc37-4f39-9818-747d68002bdb": {
      "templateId": "HomebaseBannerIcon:BRSeason03Eagle",
      "attributes": {
        "item_seen": 1
      },
      "quantity": 1
    },
    "d1253c6e-48aa-4c82-9741-1de2be2f770f": {
      "templateId": "HomebaseBannerIcon:BRSeason03Egg",
      "attributes": {
        "item_seen": 1
      },
      "quantity": 1
    },
    "a85073a1-8503-4cc4-8807-3d2f97d3ad1b": {
      "templateId": "HomebaseBannerIcon:BRSeason03Falcon",
      "attributes": {
        "item_seen": 1
      },
      "quantity": 1
    },
    "377541b4-3b2e-4113-b2a4-ad94aad766dc": {
      "templateId": "HomebaseBannerIcon:BRSeason03Flail",
      "attributes": {
        "item_seen": 1
      },
      "quantity": 1
    },
    "af103fa7-b8ca-4ac0-9167-4fb315772e4b": {
      "templateId": "HomebaseBannerIcon:BRSeason03HappyCloud",
      "attributes": {
        "item_seen": 1
      },
      "quantity": 1
    },
    "b19cb235-7c1b-401b-94ad-376d86311128": {
      "templateId": "HomebaseBannerIcon:BRSeason03Lantern",
      "attributes": {
        "item_seen": 1
      },
      "quantity": 1
    },
    "f03c58c6-f0d6-43b6-aa68-a783ffa58d5f": {
      "templateId": "HomebaseBannerIcon:BRSeason03Lightning",
      "attributes": {
        "item_seen": 1
      },
      "quantity": 1
    },
    "f2f52769-9ce4-4b6f-a2f7-919ab32ed3f3": {
      "templateId": "HomebaseBannerIcon:BRSeason03Paw",
      "attributes": {
        "item_seen": 1
      },
      "quantity": 1
    },
    "ef53718f-4a3b-4690-a4f0-2e242d58a9f9": {
      "templateId": "HomebaseBannerIcon:BRSeason03Shark",
      "attributes": {
        "item_seen": 1
      },
      "quantity": 1
    },
    "3b3f8e45-7a71-4574-9b2c-b198037713fd": {
      "templateId": "HomebaseBannerIcon:BRSeason03ShootingStar",
      "attributes": {
        "item_seen": 1
      },
      "quantity": 1
    },
    "18288ea7-a160-49f8-b4f8-ab420a4bc4e3": {
      "templateId": "HomebaseBannerIcon:BRSeason03Snake",
      "attributes": {
        "item_seen": 1
      },
      "quantity": 1
    },
    "1dd6b8ab-7ee0-4f1f-8e6f-c2f3a1be854e": {
      "templateId": "HomebaseBannerIcon:BRSeason03Sun",
      "attributes": {
        "item_seen": 1
      },
      "quantity": 1
    },
    "5d7739eb-b6fe-40db-9772-092c6b8e4c57": {
      "templateId": "HomebaseBannerIcon:BRSeason03TeddyBear",
      "attributes": {
        "item_seen": 1
      },
      "quantity": 1
    },
    "d7f2fe56-5ef7-4a4b-8da9-5dbf72c644c2": {
      "templateId": "HomebaseBannerIcon:BRSeason03TopHat",
      "attributes": {
        "item_seen": 1
      },
      "quantity": 1
    },
    "58b9671d-405f-43a7-b2e6-26021fc5fd13": {
      "templateId": "HomebaseBannerIcon:BRSeason03Whale",
      "attributes": {
        "item_seen": 1
      },
      "quantity": 1
    },
    "61dd1ee7-b297-426c-a148-d849121b4133": {
      "templateId": "HomebaseBannerIcon:BRSeason03Wing",
      "attributes": {
        "item_seen": 1
      },
      "quantity": 1
    },
    "228e621b-d11f-4e79-a804-907f2e0e80f3": {
      "templateId": "HomebaseBannerIcon:BRSeason03Wolf",
      "attributes": {
        "item_seen": 1
      },
      "quantity": 1
    },
    "fcbceb4b-feb7-4bee-a5d9-986d526b6905": {
      "templateId": "HomebaseBannerIcon:BRSeason03Worm",
      "attributes": {
        "item_seen": 1
      },
      "quantity": 1
    },
    "f0a5d3f8-61a2-4d7c-9a33-754c28523b58": {
      "templateId": "HomebaseBannerIcon:BRSeason04Blitz",
      "attributes": {
        "item_seen": 1
      },
      "quantity": 1
    },
    "4b12a9f9-50d3-4a5b-b5e5-adfb5b30a722": {
      "templateId": "HomebaseBannerIcon:BRSeason04Bow",
      "attributes": {
        "item_seen": 1
      },
      "quantity": 1
    },
    "02585e51-bb27-4faa-b5b4-d6bf0ff1de5f": {
      "templateId": "HomebaseBannerIcon:BRSeason04Chains",
      "attributes": {
        "item_seen": 1
      },
      "quantity": 1
    },
    "601ac905-2746-4c72-8b01-904e2315bee3": {
      "templateId": "HomebaseBannerIcon:BRSeason04DogBowl",
      "attributes": {
        "item_seen": 1
      },
      "quantity": 1
    },
    "87699b2e-000f-417d-bdad-f7f0990edcdb": {
      "templateId": "HomebaseBannerIcon:BRSeason04Duck",
      "attributes": {
        "item_seen": 1
      },
      "quantity": 1
    },
    "7474eadc-efeb-4806-81be-f51461e5475f": {
      "templateId": "HomebaseBannerIcon:BRSeason04Fence",
      "attributes": {
        "item_seen": 1
      },
      "quantity": 1
    },
    "cdf010cc-31cb-4e78-9a25-aed1d37a3192": {
      "templateId": "HomebaseBannerIcon:BRSeason04FilmCamera",
      "attributes": {
        "item_seen": 1
      },
      "quantity": 1
    },
    "fe7d8dd2-78fc-4f27-b287-92b674b40566": {
      "templateId": "HomebaseBannerIcon:BRSeason04Fish",
      "attributes": {
        "item_seen": 1
      },
      "quantity": 1
    },
    "b425ddab-996c-4503-b82f-9e5bafb9c59b": {
      "templateId": "HomebaseBannerIcon:BRSeason04Goo",
      "attributes": {
        "item_seen": 1
      },
      "quantity": 1
    },
    "0dd2f4cb-02f9-4755-baf6-1b192a5904fd": {
      "templateId": "HomebaseBannerIcon:BRSeason04HeroEmblem",
      "attributes": {
        "item_seen": 1
      },
      "quantity": 1
    },
    "e4035c12-2609-4b0e-9f06-ecfcb566b578": {
      "templateId": "HomebaseBannerIcon:BRSeason04Only90sKids",
      "attributes": {
        "item_seen": 1
      },
      "quantity": 1
    },
    "12a586ba-6cfb-4486-8b77-a0fe3161c216": {
      "templateId": "HomebaseBannerIcon:BRSeason04Pencil",
      "attributes": {
        "item_seen": 1
      },
      "quantity": 1
    },
    "01b78784-9fa1-4648-ab5f-a79d97fec58e": {
      "templateId": "HomebaseBannerIcon:BRSeason04SeaSerpent",
      "attributes": {
        "item_seen": 1
      },
      "quantity": 1
    },
    "54ee97b9-0d05-4878-b0f3-c04f26fb9907": {
      "templateId": "HomebaseBannerIcon:BRSeason04SprayCan",
      "attributes": {
        "item_seen": 1
      },
      "quantity": 1
    },
    "59a88a14-afc0-4b89-8dd3-2ada5f9950a3": {
      "templateId": "HomebaseBannerIcon:BRSeason04Teef",
      "attributes": {
        "item_seen": 1
      },
      "quantity": 1
    },
    "d4550733-e4f8-4b95-b677-488834245774": {
      "templateId": "HomebaseBannerIcon:BRSeason04VillainEmblem",
      "attributes": {
        "item_seen": 1
      },
      "quantity": 1
    },
    "HomebaseBannerIcon:otherbanner1": {
      "templateId": "HomebaseBannerIcon:otherbanner1",
      "attributes": {
        "item_seen": 1
      },
      "quantity": 1
    },
    "HomebaseBannerIcon:otherbanner2": {
      "templateId": "HomebaseBannerIcon:otherbanner2",
      "attributes": {
        "item_seen": 1
      },
      "quantity": 1
    },
    "HomebaseBannerIcon:otherbanner3": {
      "templateId": "HomebaseBannerIcon:otherbanner3",
      "attributes": {
        "item_seen": 1
      },
      "quantity": 1
    },
    "HomebaseBannerIcon:otherbanner4": {
      "templateId": "HomebaseBannerIcon:otherbanner4",
      "attributes": {
        "item_seen": 1
      },
      "quantity": 1
    },
    "HomebaseBannerIcon:otherbanner5": {
      "templateId": "HomebaseBannerIcon:otherbanner5",
      "attributes": {
        "item_seen": 1
      },
      "quantity": 1
    },
    "HomebaseBannerIcon:otherbanner6": {
      "templateId": "HomebaseBannerIcon:otherbanner6",
      "attributes": {
        "item_seen": 1
      },
      "quantity": 1
    },
    "HomebaseBannerIcon:otherbanner7": {
      "templateId": "HomebaseBannerIcon:otherbanner7",
      "attributes": {
        "item_seen": 1
      },
      "quantity": 1
    },
    "HomebaseBannerIcon:otherbanner8": {
      "templateId": "HomebaseBannerIcon:otherbanner8",
      "attributes": {
        "item_seen": 1
      },
      "quantity": 1
    },
    "HomebaseBannerIcon:otherbanner9": {
      "templateId": "HomebaseBannerIcon:otherbanner9",
      "attributes": {
        "item_seen": 1
      },
      "quantity": 1
    },
    "HomebaseBannerIcon:otherbanner10": {
      "templateId": "HomebaseBannerIcon:otherbanner10",
      "attributes": {
        "item_seen": 1
      },
      "quantity": 1
    },
    "HomebaseBannerIcon:otherbanner11": {
      "templateId": "HomebaseBannerIcon:otherbanner11",
      "attributes": {
        "item_seen": 1
      },
      "quantity": 1
    },
    "HomebaseBannerIcon:otherbanner12": {
      "templateId": "HomebaseBannerIcon:otherbanner12",
      "attributes": {
        "item_seen": 1
      },
      "quantity": 1
    },
    "HomebaseBannerIcon:otherbanner13": {
      "templateId": "HomebaseBannerIcon:otherbanner13",
      "attributes": {
        "item_seen": 1
      },
      "quantity": 1
    },
    "HomebaseBannerIcon:otherbanner14": {
      "templateId": "HomebaseBannerIcon:otherbanner14",
      "attributes": {
        "item_seen": 1
      },
      "quantity": 1
    },
    "HomebaseBannerIcon:otherbanner15": {
      "templateId": "HomebaseBannerIcon:otherbanner15",
      "attributes": {
        "item_seen": 1
      },
      "quantity": 1
    },
    "HomebaseBannerIcon:otherbanner16": {
      "templateId": "HomebaseBannerIcon:otherbanner16",
      "attributes": {
        "item_seen": 1
      },
      "quantity": 1
    },
    "HomebaseBannerIcon:otherbanner17": {
      "templateId": "HomebaseBannerIcon:otherbanner17",
      "attributes": {
        "item_seen": 1
      },
      "quantity": 1
    },
    "HomebaseBannerIcon:otherbanner18": {
      "templateId": "HomebaseBannerIcon:otherbanner18",
      "attributes": {
        "item_seen": 1
      },
      "quantity": 1
    },
    "HomebaseBannerIcon:otherbanner19": {
      "templateId": "HomebaseBannerIcon:otherbanner19",
      "attributes": {
        "item_seen": 1
      },
      "quantity": 1
    },
    "HomebaseBannerIcon:otherbanner20": {
      "templateId": "HomebaseBannerIcon:otherbanner20",
      "attributes": {
        "item_seen": 1
      },
      "quantity": 1
    },
    "HomebaseBannerIcon:otherbanner21": {
      "templateId": "HomebaseBannerIcon:otherbanner21",
      "attributes": {
        "item_seen": 1
      },
      "quantity": 1
    },
    "HomebaseBannerIcon:otherbanner22": {
      "templateId": "HomebaseBannerIcon:otherbanner22",
      "attributes": {
        "item_seen": 1
      },
      "quantity": 1
    },
    "HomebaseBannerIcon:otherbanner23": {
      "templateId": "HomebaseBannerIcon:otherbanner23",
      "attributes": {
        "item_seen": 1
      },
      "quantity": 1
    },
    "HomebaseBannerIcon:otherbanner24": {
      "templateId": "HomebaseBannerIcon:otherbanner24",
      "attributes": {
        "item_seen": 1
      },
      "quantity": 1
    },
    "HomebaseBannerIcon:otherbanner25": {
      "templateId": "HomebaseBannerIcon:otherbanner25",
      "attributes": {
        "item_seen": 1
      },
      "quantity": 1
    },
    "HomebaseBannerIcon:otherbanner26": {
      "templateId": "HomebaseBannerIcon:otherbanner26",
      "attributes": {
        "item_seen": 1
      },
      "quantity": 1
    },
    "HomebaseBannerIcon:otherbanner27": {
      "templateId": "HomebaseBannerIcon:otherbanner27",
      "attributes": {
        "item_seen": 1
      },
      "quantity": 1
    },
    "HomebaseBannerIcon:otherbanner28": {
      "templateId": "HomebaseBannerIcon:otherbanner28",
      "attributes": {
        "item_seen": 1
      },
      "quantity": 1
    },
    "HomebaseBannerIcon:otherbanner29": {
      "templateId": "HomebaseBannerIcon:otherbanner29",
      "attributes": {
        "item_seen": 1
      },
      "quantity": 1
    },
    "HomebaseBannerIcon:otherbanner30": {
      "templateId": "HomebaseBannerIcon:otherbanner30",
      "attributes": {
        "item_seen": 1
      },
      "quantity": 1
    },
    "HomebaseBannerIcon:otherbanner31": {
      "templateId": "HomebaseBannerIcon:otherbanner31",
      "attributes": {
        "item_seen": 1
      },
      "quantity": 1
    },
    "HomebaseBannerIcon:otherbanner32": {
      "templateId": "HomebaseBannerIcon:otherbanner32",
      "attributes": {
        "item_seen": 1
      },
      "quantity": 1
    },
    "HomebaseBannerIcon:otherbanner33": {
      "templateId": "HomebaseBannerIcon:otherbanner33",
      "attributes": {
        "item_seen": 1
      },
      "quantity": 1
    },
    "HomebaseBannerIcon:otherbanner34": {
      "templateId": "HomebaseBannerIcon:otherbanner34",
      "attributes": {
        "item_seen": 1
      },
      "quantity": 1
    },
    "HomebaseBannerIcon:otherbanner35": {
      "templateId": "HomebaseBannerIcon:otherbanner35",
      "attributes": {
        "item_seen": 1
      },
      "quantity": 1
    },
    "HomebaseBannerIcon:otherbanner36": {
      "templateId": "HomebaseBannerIcon:otherbanner36",
      "attributes": {
        "item_seen": 1
      },
      "quantity": 1
    },
    "HomebaseBannerIcon:otherbanner37": {
      "templateId": "HomebaseBannerIcon:otherbanner37",
      "attributes": {
        "item_seen": 1
      },
      "quantity": 1
    },
    "HomebaseBannerIcon:otherbanner38": {
      "templateId": "HomebaseBannerIcon:otherbanner38",
      "attributes": {
        "item_seen": 1
      },
      "quantity": 1
    },
    "HomebaseBannerIcon:otherbanner39": {
      "templateId": "HomebaseBannerIcon:otherbanner39",
      "attributes": {
        "item_seen": 1
      },
      "quantity": 1
    },
    "HomebaseBannerIcon:otherbanner40": {
      "templateId": "HomebaseBannerIcon:otherbanner40",
      "attributes": {
        "item_seen": 1
      },
      "quantity": 1
    },
    "HomebaseBannerIcon:otherbanner41": {
      "templateId": "HomebaseBannerIcon:otherbanner41",
      "attributes": {
        "item_seen": 1
      },
      "quantity": 1
    },
    "HomebaseBannerIcon:otherbanner42": {
      "templateId": "HomebaseBannerIcon:otherbanner42",
      "attributes": {
        "item_seen": 1
      },
      "quantity": 1
    },
    "HomebaseBannerIcon:otherbanner43": {
      "templateId": "HomebaseBannerIcon:otherbanner43",
      "attributes": {
        "item_seen": 1
      },
      "quantity": 1
    },
    "HomebaseBannerIcon:otherbanner44": {
      "templateId": "HomebaseBannerIcon:otherbanner44",
      "attributes": {
        "item_seen": 1
      },
      "quantity": 1
    },
    "HomebaseBannerIcon:otherbanner45": {
      "templateId": "HomebaseBannerIcon:otherbanner45",
      "attributes": {
        "item_seen": 1
      },
      "quantity": 1
    },
    "HomebaseBannerIcon:otherbanner46": {
      "templateId": "HomebaseBannerIcon:otherbanner46",
      "attributes": {
        "item_seen": 1
      },
      "quantity": 1
    },
    "HomebaseBannerIcon:otherbanner47": {
      "templateId": "HomebaseBannerIcon:otherbanner47",
      "attributes": {
        "item_seen": 1
      },
      "quantity": 1
    },
    "HomebaseBannerIcon:otherbanner48": {
      "templateId": "HomebaseBannerIcon:otherbanner48",
      "attributes": {
        "item_seen": 1
      },
      "quantity": 1
    },
    "HomebaseBannerIcon:otherbanner49": {
      "templateId": "HomebaseBannerIcon:otherbanner49",
      "attributes": {
        "item_seen": 1
      },
      "quantity": 1
    },
    "HomebaseBannerIcon:otherbanner50": {
      "templateId": "HomebaseBannerIcon:otherbanner50",
      "attributes": {
        "item_seen": 1
      },
      "quantity": 1
    },
    "HomebaseBannerIcon:otherbanner51": {
      "templateId": "HomebaseBannerIcon:otherbanner51",
      "attributes": {
        "item_seen": 1
      },
      "quantity": 1
    },
    "HomebaseBannerIcon:otherbanner52": {
      "templateId": "HomebaseBannerIcon:otherbanner52",
      "attributes": {
        "item_seen": 1
      },
      "quantity": 1
    },
    "HomebaseBannerIcon:otherbanner53": {
      "templateId": "HomebaseBannerIcon:otherbanner53",
      "attributes": {
        "item_seen": 1
      },
      "quantity": 1
    },
    "HomebaseBannerIcon:otherbanner54": {
      "templateId": "HomebaseBannerIcon:otherbanner54",
      "attributes": {
        "item_seen": 1
      },
      "quantity": 1
    },
    "HomebaseBannerIcon:otherbanner55": {
      "templateId": "HomebaseBannerIcon:otherbanner55",
      "attributes": {
        "item_seen": 1
      },
      "quantity": 1
    },
    "HomebaseBannerIcon:otherbanner56": {
      "templateId": "HomebaseBannerIcon:otherbanner56",
      "attributes": {
        "item_seen": 1
      },
      "quantity": 1
    },
    "HomebaseBannerIcon:otherbanner57": {
      "templateId": "HomebaseBannerIcon:otherbanner57",
      "attributes": {
        "item_seen": 1
      },
      "quantity": 1
    },
    "HomebaseBannerIcon:otherbanner58": {
      "templateId": "HomebaseBannerIcon:otherbanner58",
      "attributes": {
        "item_seen": 1
      },
      "quantity": 1
    },
    "HomebaseBannerIcon:otherbanner59": {
      "templateId": "HomebaseBannerIcon:otherbanner59",
      "attributes": {
        "item_seen": 1
      },
      "quantity": 1
    },
    "HomebaseBannerIcon:otherbanner60": {
      "templateId": "HomebaseBannerIcon:otherbanner60",
      "attributes": {
        "item_seen": 1
      },
      "quantity": 1
    },
    "HomebaseBannerIcon:otherbanner61": {
      "templateId": "HomebaseBannerIcon:otherbanner61",
      "attributes": {
        "item_seen": 1
      },
      "quantity": 1
    },
    "HomebaseBannerIcon:otherbanner62": {
      "templateId": "HomebaseBannerIcon:otherbanner62",
      "attributes": {
        "item_seen": 1
      },
      "quantity": 1
    },
    "HomebaseBannerIcon:otherbanner63": {
      "templateId": "HomebaseBannerIcon:otherbanner63",
      "attributes": {
        "item_seen": 1
      },
      "quantity": 1
    },
    "HomebaseBannerIcon:otherbanner64": {
      "templateId": "HomebaseBannerIcon:otherbanner64",
      "attributes": {
        "item_seen": 1
      },
      "quantity": 1
    },
    "HomebaseBannerIcon:otherbanner65": {
      "templateId": "HomebaseBannerIcon:otherbanner65",
      "attributes": {
        "item_seen": 1
      },
      "quantity": 1
    },
    "HomebaseBannerIcon:otherbanner66": {
      "templateId": "HomebaseBannerIcon:otherbanner66",
      "attributes": {
        "item_seen": 1
      },
      "quantity": 1
    },
    "HomebaseBannerIcon:otherbanner67": {
      "templateId": "HomebaseBannerIcon:otherbanner67",
      "attributes": {
        "item_seen": 1
      },
      "quantity": 1
    },
    "HomebaseBannerIcon:otherbanner68": {
      "templateId": "HomebaseBannerIcon:otherbanner68",
      "attributes": {
        "item_seen": 1
      },
      "quantity": 1
    },
    "HomebaseBannerIcon:otherbanner69": {
      "templateId": "HomebaseBannerIcon:otherbanner69",
      "attributes": {
        "item_seen": 1
      },
      "quantity": 1
    },
    "HomebaseBannerIcon:otherbanner70": {
      "templateId": "HomebaseBannerIcon:otherbanner70",
      "attributes": {
        "item_seen": 1
      },
      "quantity": 1
    },
    "HomebaseBannerIcon:otherbanner71": {
      "templateId": "HomebaseBannerIcon:otherbanner71",
      "attributes": {
        "item_seen": 1
      },
      "quantity": 1
    },
    "HomebaseBannerIcon:otherbanner72": {
      "templateId": "HomebaseBannerIcon:otherbanner72",
      "attributes": {
        "item_seen": 1
      },
      "quantity": 1
    },
    "HomebaseBannerIcon:otherbanner73": {
      "templateId": "HomebaseBannerIcon:otherbanner73",
      "attributes": {
        "item_seen": 1
      },
      "quantity": 1
    },
    "HomebaseBannerIcon:otherbanner74": {
      "templateId": "HomebaseBannerIcon:otherbanner74",
      "attributes": {
        "item_seen": 1
      },
      "quantity": 1
    },
    "HomebaseBannerIcon:otherbanner75": {
      "templateId": "HomebaseBannerIcon:otherbanner75",
      "attributes": {
        "item_seen": 1
      },
      "quantity": 1
    },
    "HomebaseBannerIcon:otherbanner76": {
      "templateId": "HomebaseBannerIcon:otherbanner76",
      "attributes": {
        "item_seen": 1
      },
      "quantity": 1
    },
    "HomebaseBannerIcon:otherbanner77": {
      "templateId": "HomebaseBannerIcon:otherbanner77",
      "attributes": {
        "item_seen": 1
      },
      "quantity": 1
    },
    "HomebaseBannerIcon:otherbanner78": {
      "templateId": "HomebaseBannerIcon:otherbanner78",
      "attributes": {
        "item_seen": 1
      },
      "quantity": 1
    },
    "Currency": {
      "templateId": "Currency:MtxPurchased",
      "attributes": {
        "platform": "EpicPC"
      },
      "quantity": 999999999
    }
  },
  "stats": {
    "attributes": {
      "survey_data": {},
      "personal_offers": {},
      "intro_game_played": true,
      "import_friends_claimed": {},
      "mtx_purchase_history": {},
      "undo_cooldowns": [],
      "mtx_affiliate_set_time": "2021-01-04T22:02:50.157Z",
      "inventory_limit_bonus": 0,
      "current_mtx_platform": "EpicPC",
      "mtx_affiliate": "Lawin",
      "weekly_purchases": {},
      "daily_purchases": {},
      "ban_history": {},
      "in_app_purchases": {},
      "permissions": [],
      "undo_timeout": "min",
      "monthly_purchases": {},
      "allowed_to_send_gifts": true,
      "mfa_enabled": false,
      "allowed_to_receive_gifts": true,
      "gift_history": {}
    }
  },
  "commandRevision": 207
}