{
  "_id": "faefefcfdaad4eae8aed65c3139376f8",
  "created": "2017-08-29T20:38:59.824Z",
  "updated": "2017-12-25T02:08:43.518Z",
  "rvn": 498,
  "wipeNumber": 9,
  "accountId": "b810c129520946d6801a58bb9d5859fc",
  "profileId": "profile0",
  "version": "grant_collectionbook_lvl_100_reward_change_dec_2017",
  "items": {
    "32b0b965-f82f-4e0c-9494-357c7c2817bc": {
      "templateId": "Quest:stonewoodquest_filler_1_d2",
      "attributes": {
        "quest_state": "Claimed",
        "last_state_change_time": "2017-12-25T02:06:00.508Z",
        "completion_complete_pve01_diff2": 1,
        "max_level_bonus": 0,
        "level": -1,
        "item_seen": true,
        "completion_questcollect_survivoritemdata": 3,
        "xp": 0,
        "sent_new_notification": true,
        "favorite": false
      },
      "quantity": 1
    },
    "32b0b965-f82f-4e0c-9494-3ffghc7c2817bc": {
      "templateId": "Quest:stonewoodquest_filler_1_d3",
      "attributes": {
        "quest_state": "Claimed",
        "last_state_change_time": "2017-12-25T02:06:00.508Z",
        "completion_complete_pve01_diff2": 1,
        "max_level_bonus": 0,
        "level": -1,
        "item_seen": true,
        "completion_questcollect_survivoritemdata": 3,
        "xp": 0,
        "sent_new_notification": true,
        "favorite": false
      },
      "quantity": 1
    },
    "0d609e04-d740-4d99-bef5-fcfa9ceaf561": {
      "templateId": "HomebaseBannerColor:defaultcolor16",
      "attributes": {
        "item_seen": true
      },
      "quantity": 1
    },
    "4ba2652c-0077-4474-8901-6feb2b48d135": {
      "templateId": "Schematic:sid_wall_wood_spikes_c_t01",
      "attributes": {
        "alteration_slots": [
          {
            "Type": "GameplaySlot",
            "NumSlots": 1
          },
          {
            "Type": "AttributeSlot",
            "NumSlots": 1
          }
        ],
        "max_level_bonus": 0,
        "level": 1,
        "item_seen": true,
        "alterations": [
          "Alteration:aid_att_trap_coredamage_t02"
        ],
        "xp": 0,
        "favorite": false
      },
      "quantity": 1
    },
    "0f0e1281-25ab-405b-89d8-d9dcb86439fa": {
      "templateId": "CollectedResource:Token_collectionresource_nodegatetoken01",
      "attributes": {
        "last_updated": "2017-08-31T15:02:57.896Z",
        "stored_value": 0.06272159999999971
      },
      "quantity": 1
    },
    "8fcfb7a3-976e-45bc-889e-a43f14179167": {
      "templateId": "AccountResource:heroxp",
      "attributes": {
        "max_level_bonus": 0,
        "level": 1,
        "item_seen": true,
        "xp": 0,
        "favorite": false
      },
      "quantity": 2730
    },
    "0f003ec1-4185-4bf8-9b44-ade02e9826ba": {
      "templateId": "Hero:hid_ninja_007_uc_t01",
      "attributes": {
        "equipped_cosmetics": [
          "",
          "",
          "",
          "",
          "",
          "",
          "",
          ""
        ],
        "gender": 0,
        "level": 1,
        "item_seen": false,
        "squad_slot_idx": -1,
        "portrait": "",
        "hero_name": "DefaultHeroName",
        "max_level_bonus": 0,
        "squad_id": "",
        "mode_loadouts": [],
        "xp": 0,
        "slotted_building_id": "",
        "building_slot_used": -1,
        "favorite": false
      },
      "quantity": 1
    },
    "a5c968fc-501d-43fc-8d3f-62bc1419fb1f": {
      "templateId": "HomebaseBannerColor:defaultcolor12",
      "attributes": {
        "item_seen": true
      },
      "quantity": 1
    },
    "295ca2c9-e177-4bf2-9907-a7a867e27bb8": {
      "templateId": "Quest:homebasequest_researchpurchase",
      "attributes": {
        "quest_state": "Active",
        "last_state_change_time": "2017-08-31T13:50:01.896Z",
        "max_level_bonus": 0,
        "level": -1,
        "item_seen": false,
        "xp": 0,
        "completion_unlock_skill_tree_researchfortitude": 0,
        "sent_new_notification": true,
        "favorite": false
      },
      "quantity": 1
    },
    "31c715d7-a4e5-490f-9a4f-89eb97e98890": {
      "templateId": "Quest:achievement_killmistmonsters",
      "attributes": {
        "quest_state": "Active",
        "last_state_change_time": "2017-08-29T21:05:57.089Z",
        "max_level_bonus": 0,
        "level": -1,
        "item_seen": false,
        "xp": 0,
        "sent_new_notification": true,
        "completion_kill_husk_smasher": 0,
        "favorite": false
      },
      "quantity": 1
    },
    "08b7e75e-cfdc-4845-8d32-2b10d96a5f3e": {
      "templateId": "Schematic:sid_assault_surgical_vr_ore_t01",
      "attributes": {
        "alteration_slots": [
          {
            "Type": "GameplaySlot",
            "NumSlots": 1
          },
          {
            "Type": "AttributeSlot",
            "NumSlots": 4
          }
        ],
        "max_level_bonus": 0,
        "level": 4,
        "item_seen": true,
        "alterations": [
          "Alteration:aid_att_ranged_damage",
          "Alteration:aid_att_ranged_clipsize",
          "Alteration:aid_att_ranged_recoil_alt1",
          "Alteration:aid_g_ranged_energyaffliction"
        ],
        "xp": 0,
        "favorite": false
      },
      "quantity": 1
    },
    "1b03da0e-c8cb-44bf-84eb-429566ac73ca": {
      "templateId": "Schematic:sid_pistol_semiauto_c_ore_t00",
      "attributes": {
        "alteration_slots": [
          {
            "Type": "GameplaySlot",
            "NumSlots": 1
          },
          {
            "Type": "AttributeSlot",
            "NumSlots": 1
          }
        ],
        "max_level_bonus": 0,
        "level": 1,
        "item_seen": true,
        "alterations": [],
        "xp": 0,
        "favorite": false
      },
      "quantity": 1
    },
    "69cf0f04-34a6-4eff-a31e-91acd1ad8fcb": {
      "templateId": "AccountResource:voucher_basicpack",
      "attributes": {
        "max_level_bonus": 0,
        "level": 1,
        "item_seen": false,
        "xp": 0,
        "favorite": false
      },
      "quantity": 2
    },
    "cc33ae01-f558-4613-ae30-c5c83ba1c9da": {
      "templateId": "Quota:restxp",
      "attributes": {
        "max_quota": 2304909,
        "max_level_bonus": 0,
        "level": 1,
        "units_per_minute_recharge": 1921,
        "item_seen": false,
        "recharge_delay_minutes": 360,
        "xp": 0,
        "last_mod_time": "2017-12-25T02:04:39.790Z",
        "favorite": false,
        "current_value": 1069997
      },
      "quantity": 1
    },
    "da82bdcc-3f4d-426b-91a8-13e6f60f3e56": {
      "templateId": "HomebaseBannerIcon:standardbanner21",
      "attributes": {
        "item_seen": false
      },
      "quantity": 1
    },
    "70372fc5-2826-4b87-8326-8227d1db98cf": {
      "templateId": "HomebaseBannerColor:defaultcolor21",
      "attributes": {
        "item_seen": true
      },
      "quantity": 1
    },
    "c0eae21a-50aa-48a3-a723-61958cefbbb9": {
      "templateId": "HomebaseBannerColor:defaultcolor20",
      "attributes": {
        "item_seen": true
      },
      "quantity": 1
    },
    "99fb9ead-c6f9-489c-9488-6f2a6555e71f": {
      "templateId": "HomebaseBannerIcon:standardbanner17",
      "attributes": {
        "item_seen": true
      },
      "quantity": 1
    },
    "3b352a6e-8731-4e41-8084-b82a3b6bc784": {
      "templateId": "Schematic:ammo_shells",
      "attributes": {
        "alteration_slots": [
          {
            "Type": "GameplaySlot",
            "NumSlots": 1
          },
          {
            "Type": "AttributeSlot",
            "NumSlots": 3
          }
        ],
        "max_level_bonus": 0,
        "level": 1,
        "item_seen": true,
        "alterations": [],
        "xp": 0,
        "favorite": false
      },
      "quantity": 1
    },
    "7bfbc8f3-83ac-4ec7-88a2-b293526e0536": {
      "templateId": "Quest:homebaseonboarding",
      "attributes": {
        "quest_state": "Claimed",
        "last_state_change_time": "2017-08-29T21:05:57.087Z",
        "max_level_bonus": 0,
        "completion_hbonboarding_namehomebase": 1,
        "level": -1,
        "completion_hbonboarding_completezone": 1,
        "item_seen": false,
        "completion_hbonboarding_watchsatellitecine": 1,
        "xp": 0,
        "sent_new_notification": true,
        "favorite": false
      },
      "quantity": 1
    },
    "7ag-gerdfge-gre-ge22342432432-2aaaaa": {
      "templateId": "Quest:protoenablequest",
      "attributes": {
        "quest_state": "Active",
        "last_state_change_time": "2017-08-29T21:05:57.087Z",
        "max_level_bonus": 0,
        "level": -1,
        "item_seen": false,
        "xp": 0,
        "sent_new_notification": true,
        "favorite": false
      },
      "quantity": 1
    },
    "7ag-gegggfgfgfgfgfgfgfgesgv": {
      "templateId": "Weapon:wid_assault_auto_sr_crystal_t05",
      "attributes": {
        "last_state_change_time": "2017-08-29T21:05:57.087Z",
        "max_level_bonus": 0,
        "level": 50,
        "item_seen": false,
        "xp": 0,
        "sent_new_notification": true,
        "favorite": false
      },
      "quantity": 1
    },
    "7ag-gegggfgfgfgfgfgfgtdereetsgv": {
      "templateId": "Schematic:sid_assault_auto_sr_crystal_t05",
      "attributes": {
        "last_state_change_time": "2017-08-29T21:05:57.087Z",
        "max_level_bonus": 0,
        "level": 50,
        "item_seen": false,
        "xp": 0,
        "sent_new_notification": true,
        "favorite": false
      },
      "quantity": 1
    },
    "agresdarti48ut387t8bgggaa": {
      "templateId": "Quest:TestQuest_Narrative",
      "attributes": {
        "quest_state": "Active",
        "last_state_change_time": "2017-08-29T21:05:57.087Z",
        "max_level_bonus": 0,
        "level": -1,
        "item_seen": false,
        "xp": 0,
        "sent_new_notification": true,
        "favorite": false
      },
      "quantity": 1
    },
    "agresdarti48ut387t8bgbgfuckaa": {
      "templateId": "Quest:FoundersQuest_GetRewards_0_1",
      "attributes": {
        "quest_state": "Active",
        "last_state_change_time": "2017-08-29T21:05:57.087Z",
        "max_level_bonus": 0,
        "level": -1,
        "item_seen": false,
        "xp": 0,
        "sent_new_notification": true,
        "favorite": false
      },
      "quantity": 1
    },
    "003c9c95-cf60-4bf5-a34a-2f0c06eb466a": {
      "templateId": "HomebaseBannerIcon:standardbanner16",
      "attributes": {
        "item_seen": true
      },
      "quantity": 1
    },
    "df9671b2-222a-4d6f-8fab-d1adc9578ba1": {
      "templateId": "HomebaseNode:t1_main_7064c2440",
      "attributes": {
        "item_seen": true
      },
      "quantity": 1
    },
    "dgaab67gb2-222a-4d6f-8fab-d1adc9578ba1": {
      "templateId": "HomebaseNode:T1_Main_4658A42D3",
      "attributes": {
        "item_seen": true
      },
      "quantity": 1
    },
    "dgfanhj67gb2-222a-4d6f-8fab-d1adc9578ba1": {
      "templateId": "HomebaseNode:T1_Main_20D6FB134",
      "attributes": {
        "item_seen": true
      },
      "quantity": 1
    },
    "c8c4d5eb-962d-424e-a27a-4c84d2a3e577": {
      "templateId": "Schematic:ammo_energycell",
      "attributes": {
        "alteration_slots": [
          {
            "Type": "GameplaySlot",
            "NumSlots": 1
          },
          {
            "Type": "AttributeSlot",
            "NumSlots": 3
          }
        ],
        "max_level_bonus": 0,
        "level": 1,
        "item_seen": false,
        "alterations": [],
        "xp": 0,
        "favorite": false
      },
      "quantity": 1
    },
    "b6af432f-5326-4b39-bbff-94c790abaa35": {
      "templateId": "HomebaseBannerIcon:standardbanner20",
      "attributes": {
        "item_seen": false
      },
      "quantity": 1
    },
    "1af055df-0e55-4f01-8e0b-9b7b000e9a9f": {
      "templateId": "Schematic:sid_sniper_amr_r_ore_t01",
      "attributes": {
        "alteration_slots": [
          {
            "Type": "GameplaySlot",
            "NumSlots": 1
          },
          {
            "Type": "AttributeSlot",
            "NumSlots": 3
          }
        ],
        "max_level_bonus": 0,
        "level": 1,
        "item_seen": false,
        "alterations": [
          "Alteration:aid_att_ranged_durabilitydecay",
          "Alteration:aid_att_weapon_afflicted_dmgbonus",
          "Alteration:aid_att_weapon_slowed_dmgbonus_alt1"
        ],
        "xp": 0,
        "favorite": false
      },
      "quantity": 1
    },
    "1agfhf-5hrfhfhhfhth5t-4sxszzz-sdgg": {
      "templateId": "Schematic:sid_assault_auto_sr_crystal_t06",
      "attributes": {
        "alteration_slots": [
          {
            "Type": "GameplaySlot",
            "NumSlots": 1
          },
          {
            "Type": "AttributeSlot",
            "NumSlots": 3
          }
        ],
        "max_level_bonus": 0,
        "level": 60,
        "item_seen": false,
        "alterations": [
          "Alteration:aid_att_ranged_durabilitydecay",
          "Alteration:aid_att_weapon_afflicted_dmgbonus",
          "Alteration:aid_att_weapon_slowed_dmgbonus_alt1"
        ],
        "xp": 0,
        "favorite": false
      },
      "quantity": 1
    },
    "1agfhf-5hrfwyth5t-4sxszzz-sdgg": {
      "templateId": "Schematic:sid_harvest_pickaxe_athena_c_t01",
      "attributes": {
        "max_level_bonus": 0,
        "level": 1,
        "item_seen": false,
        "xp": 0,
        "favorite": false
      },
      "quantity": 1
    },
    "1agfhf-5hrfwaxxbnyth5t-4sxszzz-sdgg": {
      "templateId": "Schematic:sid_ammodatarockets",
      "attributes": {
        "max_level_bonus": 0,
        "level": 1,
        "item_seen": false,
        "xp": 0,
        "favorite": false
      },
      "quantity": 1
    },
    "1fakfgrughghgudghudhgdughdughudhgugg": {
      "templateId": "Schematic:gadget_generic_turret",
      "attributes": {
        "max_level_bonus": 0,
        "level": 1,
        "item_seen": false,
        "xp": 0,
        "favorite": false
      },
      "quantity": 1
    },
    "1fakfgrughfaitcudghudhgdughdughudhgugg": {
      "templateId": "Schematic:gadget_generic_turret",
      "attributes": {
        "max_level_bonus": 0,
        "level": 1,
        "item_seen": false,
        "xp": 0,
        "favorite": false
      },
      "quantity": 1
    },
    "1fakfgrughfaitcudghudhgdughdughudhgug": {
      "templateId": "gadget:g_commando_goincommando",
      "attributes": {
        "max_level_bonus": 0,
        "level": 1,
        "item_seen": false,
        "xp": 0,
        "favorite": false
      },
      "quantity": 1
    },
    "1gbbbnmlf-5hrfwaxxbnyth5t-4sxszzz-sdgg": {
      "templateId": "Schematic:sid_sniper_tripleshot_athena_sr_ore_t03",
      "attributes": {
        "max_level_bonus": 0,
        "level": 20,
        "item_seen": false,
        "xp": 0,
        "favorite": false
      },
      "quantity": 1
    },
    "dc8bf72e-af1c-44ca-88cb-5ffe6a11e42d": {
      "templateId": "HomebaseBannerIcon:standardbanner26",
      "attributes": {
        "item_seen": false
      },
      "quantity": 1
    },
    "3e4b6dd6-452c-42a7-a37a-0e5bae90b259": {
      "templateId": "Token:accountinventorybonus",
      "attributes": {
        "max_level_bonus": 0,
        "level": 1,
        "item_seen": false,
        "xp": 0,
        "favorite": false
      },
      "quantity": 25
    },
    "e46ec8e1-c17f-4756-ae62-179f144ce64a": {
      "templateId": "Worker:workerbasic_uc_t01",
      "attributes": {
        "gender": "2",
        "level": 1,
        "item_seen": false,
        "squad_slot_idx": -1,
        "portrait": "/Game/UI/Icons/Icon-Worker/IconDefinitions/IconDef-WorkerPortrait-Dreamer-F01.IconDef-WorkerPortrait-Dreamer-F01",
        "max_level_bonus": 0,
        "personality": "Homebase.Worker.Personality.IsDreamer",
        "squad_id": "",
        "xp": 0,
        "slotted_building_id": "",
        "building_slot_used": -1,
        "favorite": false,
        "set_bonus": "Homebase.Worker.SetBonus.IsTrapDurabilityHigh"
      },
      "quantity": 1
    },
    "e46ec8e1-gsrrrf-4756-ae62-179f144ce64a": {
      "templateId": "Worker:managersoldier_sr_ramsie_t05",
      "attributes": {
        "gender": "0",
        "level": 50,
        "item_seen": false,
        "squad_slot_idx": 0,
        "portrait": "/Game/UI/Icons/Icon-Worker/IconDefinitions/IconDef-ManagerPortrait-SR-Soldier-ramsie.IconDef-ManagerPortrait-SR-Soldier-ramsie",
        "max_level_bonus": 0,
        "personality": "Homebase.Worker.Personality.IsDependable",
        "managerSynergy": "Homebase.Manager.IsSoldier",
        "squad_id": "squad_attribute_arms_fireteamalpha",
        "xp": 0,
        "slotted_building_id": "",
        "building_slot_used": -1,
        "favorite": false,
        "set_bonus": "Homebase.Worker.SetBonus.IsTrapDurabilityHigh"
      },
      "quantity": 1
    },
    "e46ec8e1-gsrgfgfaaf-47fgfgfdggdgd-ae62-179f144ce64a": {
      "templateId": "Worker:managerquestdoctor_r_t05",
      "attributes": {
        "gender": "2",
        "level": 50,
        "item_seen": false,
        "squad_slot_idx": 0,
        "portrait": "/Game/UI/Icons/Icon-Worker/IconDefinitions/IconDef-ManagerPortrait-Doctor-F01.IconDef-ManagerPortrait-Doctor-F01",
        "max_level_bonus": 0,
        "personality": "Homebase.Worker.Personality.IsCompetitive",
        "managerSynergy": "Homebase.Manager.IsDoctor",
        "squad_id": "squad_attribute_medicine_emtsquad",
        "xp": 0,
        "slotted_building_id": "",
        "building_slot_used": -1,
        "favorite": false,
        "set_bonus": "Homebase.Worker.SetBonus.IsShieldRegenHigh"
      },
      "quantity": 1
    },
    "19fecccd-2cd9-4673-826b-a790e78843ec": {
      "templateId": "HomebaseBannerIcon:standardbanner18",
      "attributes": {
        "item_seen": true
      },
      "quantity": 1
    },
    "9128922a-7998-4ea9-b6e7-04a5aacc18d5": {
      "templateId": "Worker:workerbasic_c_t01",
      "attributes": {
        "gender": "1",
        "level": 1,
        "item_seen": true,
        "squad_slot_idx": 2,
        "portrait": "/Game/UI/Icons/Icon-Worker/IconDefinitions/IconDef-WorkerPortrait-Dependable-M02.IconDef-WorkerPortrait-Dependable-M02",
        "max_level_bonus": 0,
        "personality": "Homebase.Worker.Personality.IsDependable",
        "squad_id": "squad_attribute_medicine_emtsquad",
        "xp": 0,
        "slotted_building_id": "",
        "building_slot_used": -1,
        "favorite": false,
        "set_bonus": "Homebase.Worker.SetBonus.IsFortitudeLow"
      },
      "quantity": 1
    },
    "ded70a97-b7fa-4c6d-be4e-cf9c5f4f1f02": {
      "templateId": "HomebaseBannerColor:defaultcolor1",
      "attributes": {
        "item_seen": true
      },
      "quantity": 1
    },
    "c8b2ac94-9616-4798-82c1-2ca28699f4b6": {
      "templateId": "HomebaseBannerColor:defaultcolor3",
      "attributes": {
        "item_seen": true
      },
      "quantity": 1
    },
    "ef7bf36c-67d7-49bc-8731-1dce04fc5865": {
      "templateId": "EventPurchaseTracker:generic_instance",
      "attributes": {
        "event_purchases": {},
        "_private": false,
        "devName": "",
        "event_instance_id": "2uf66jaojc9ln271aah5pfsujg[0]0"
      },
      "quantity": 1
    },
    "75538f27-26f3-4c54-9eda-764fa5a5e839": {
      "templateId": "HomebaseNode:t1_main_ba01a2361",
      "attributes": {
        "item_seen": false
      },
      "quantity": 1
    },
    "6ec233e2-fc4b-43a1-94d0-0b7034b76442": {
      "templateId": "Schematic:ammo_bulletsheavy",
      "attributes": {
        "alteration_slots": [
          {
            "Type": "GameplaySlot",
            "NumSlots": 1
          },
          {
            "Type": "AttributeSlot",
            "NumSlots": 3
          }
        ],
        "max_level_bonus": 0,
        "level": 1,
        "item_seen": true,
        "alterations": [],
        "xp": 0,
        "favorite": false
      },
      "quantity": 1
    },
    "cec34fa5-ea54-43b5-99ab-76ec237ed005": {
      "templateId": "HomebaseBannerIcon:standardbanner3",
      "attributes": {
        "item_seen": true
      },
      "quantity": 1
    },
    "9efaf6ca-2513-4fd9-9500-52859d7c9d7d": {
      "templateId": "Schematic:sid_ceiling_electric_single_c_t01",
      "attributes": {
        "alteration_slots": [
          {
            "Type": "GameplaySlot",
            "NumSlots": 1
          },
          {
            "Type": "AttributeSlot",
            "NumSlots": 1
          }
        ],
        "max_level_bonus": 0,
        "level": 1,
        "item_seen": true,
        "alterations": [
          "Alteration:aid_att_trap_critdamage"
        ],
        "xp": 0,
        "favorite": false
      },
      "quantity": 1
    },
    "3aeca522-2d1f-4663-a2a6-c27b3fb7c43b": {
      "templateId": "HomebaseBannerIcon:standardbanner19",
      "attributes": {
        "item_seen": true
      },
      "quantity": 1
    },
    "d9e17bb4-3b0b-426b-9ec7-6b504af1c006": {
      "templateId": "HomebaseBannerColor:defaultcolor6",
      "attributes": {
        "item_seen": false
      },
      "quantity": 1
    },
    "091395e7-5d85-49d7-915f-6e4f4329593c": {
      "templateId": "HomebaseBannerColor:defaultcolor9",
      "attributes": {
        "item_seen": false
      },
      "quantity": 1
    },
    "f47db304-71ad-40f9-b871-98d59d34fcf8": {
      "templateId": "HomebaseNode:startnode_commandcenter",
      "attributes": {
        "item_seen": true
      },
      "quantity": 1
    },
    "d075ab2339-9fae-44f0-a348-62d7d30d03bf": {
      "templateId": "Quest:StonewoodQuest_TreasuredFriends",
      "attributes": {
        "quest_state": "Claimed",
        "last_state_change_time": "2017-08-29T21:52:34.691Z",
        "max_level_bonus": 0,
        "level": -1,
        "item_seen": true,
        "xp": 0,
        "sent_new_notification": true,
        "favorite": false
      },
      "quantity": 1
    },
    "d0759719-9fae-44f0-a348-62d7d30d03bf": {
      "templateId": "Quest:stonewoodquest_closegate_d1",
      "attributes": {
        "quest_state": "Claimed",
        "last_state_change_time": "2017-08-29T21:52:34.691Z",
        "max_level_bonus": 0,
        "level": -1,
        "item_seen": true,
        "completion_complete_gate_1": 1,
        "xp": 0,
        "sent_new_notification": true,
        "favorite": false
      },
      "quantity": 1
    },
    "d317e3d3-6260-4c6f-9587-52e6a1e3838d": {
      "templateId": "Worker:managersoldier_c_t01",
      "attributes": {
        "gender": "2",
        "level": 1,
        "item_seen": true,
        "squad_slot_idx": -1,
        "portrait": "/Game/UI/Icons/Icon-Worker/IconDefinitions/IconDef-ManagerPortrait-Marksman-F01.IconDef-ManagerPortrait-Marksman-F01",
        "max_level_bonus": 0,
        "personality": "Homebase.Worker.Personality.IsCooperative",
        "squad_id": "",
        "xp": 0,
        "slotted_building_id": "",
        "managerSynergy": "Homebase.Manager.IsSoldier",
        "building_slot_used": -1,
        "favorite": false
      },
      "quantity": 1
    },
    "4f0f823e-d214-410c-a68d-72547758f4ce": {
      "templateId": "Schematic:sid_pistol_boltrevolver_uc_ore_t01",
      "attributes": {
        "alteration_slots": [
          {
            "Type": "GameplaySlot",
            "NumSlots": 1
          },
          {
            "Type": "AttributeSlot",
            "NumSlots": 2
          }
        ],
        "max_level_bonus": 0,
        "level": 1,
        "item_seen": true,
        "alterations": [
          "Alteration:aid_att_ranged_durabilitydecay",
          "Alteration:aid_att_ranged_recoil"
        ],
        "xp": 0,
        "favorite": false
      },
      "quantity": 1
    },
    "f0a7e3bd-9987-4566-b12b-bd4ab0479f39": {
      "templateId": "AccountResource:reagent_c_t01",
      "attributes": {
        "max_level_bonus": 0,
        "level": 1,
        "item_seen": false,
        "xp": 0,
        "favorite": false
      },
      "quantity": 1
    },
    "199c8fd1-d204-4268-9320-0875931ee389": {
      "templateId": "HomebaseBannerColor:defaultcolor2",
      "attributes": {
        "item_seen": true
      },
      "quantity": 1
    },
    "5e3f0933-ff56-4ce3-a693-0251fc37a296": {
      "templateId": "Quest:heroquest_constructorleadership",
      "attributes": {
        "quest_state": "Claimed",
        "last_state_change_time": "2017-08-29T21:21:44.721Z",
        "completion_unlock_skill_tree_constructor_leadership": 1,
        "max_level_bonus": 0,
        "level": -1,
        "item_seen": true,
        "xp": 0,
        "sent_new_notification": true,
        "favorite": false
      },
      "quantity": 1
    },
    "e48c1773-c751-4684-91fe-d942609d3632": {
      "templateId": "Quest:stonewoodquest_launchballoon_d1",
      "attributes": {
        "quest_state": "Claimed",
        "last_state_change_time": "2017-08-31T14:44:12.466Z",
        "max_level_bonus": 0,
        "level": -1,
        "item_seen": true,
        "xp": 0,
        "sent_new_notification": true,
        "completion_complete_launchweatherballoon_1": 1,
        "favorite": false
      },
      "quantity": 1
    },
    "391ed81f-9fb6-438f-94fe-fc4f2413f11c": {
      "templateId": "Quest:outpostquest_t1_l2",
      "attributes": {
        "quest_state": "Claimed",
        "last_state_change_time": "2017-08-31T15:02:00.477Z",
        "max_level_bonus": 0,
        "level": -1,
        "item_seen": true,
        "xp": 0,
        "completion_complete_outpost_1_2": 1,
        "sent_new_notification": true,
        "favorite": false
      },
      "quantity": 1
    },
    "39faa81f-9fb6-438f-94fe-fc4f2413f11c": {
      "templateId": "Quest:outpostquest_t1_l3",
      "attributes": {
        "quest_state": "Claimed",
        "last_state_change_time": "2017-08-31T15:02:00.477Z",
        "max_level_bonus": 0,
        "level": -1,
        "item_seen": true,
        "xp": 0,
        "completion_complete_outpost_1_3": 1,
        "sent_new_notification": true,
        "favorite": false
      },
      "quantity": 1
    },
    "90f1579a-64fa-4b9d-8bf8-1a4d2a0ca61b": {
      "templateId": "HomebaseBannerIcon:standardbanner27",
      "attributes": {
        "item_seen": false
      },
      "quantity": 1
    },
    "4034e0fe-aa09-4dcc-8f7c-a8ca3fa59f12": {
      "templateId": "HomebaseBannerIcon:standardbanner23",
      "attributes": {
        "item_seen": true
      },
      "quantity": 1
    },
    "4e36c4a4-0b76-4ca4-90d0-14bce4012274": {
      "templateId": "HomebaseBannerIcon:standardbanner14",
      "attributes": {
        "item_seen": false
      },
      "quantity": 1
    },
    "d471c3ba-1bec-4875-9ef9-2ccf3d8e82e9": {
      "templateId": "HomebaseBannerIcon:standardbanner25",
      "attributes": {
        "item_seen": false
      },
      "quantity": 1
    },
    "f73caa8a-dca1-4fcf-bb2d-e431a9266015": {
      "templateId": "HomebaseBannerColor:defaultcolor4",
      "attributes": {
        "item_seen": true
      },
      "quantity": 1
    },
    "8d05faef-1abf-4d5b-9716-8bf9ee04e35d": {
      "templateId": "HomebaseBannerColor:defaultcolor18",
      "attributes": {
        "item_seen": false
      },
      "quantity": 1
    },
    "d566752a-1910-460c-9c71-0b389ec635ed": {
      "templateId": "Quest:outpostquest_t1_l1",
      "attributes": {
        "quest_state": "Claimed",
        "last_state_change_time": "2017-08-29T21:18:18.955Z",
        "max_level_bonus": 0,
        "level": -1,
        "completion_custom_supplydropreceived": 1,
        "completion_complete_outpost_1_1": 1,
        "item_seen": true,
        "xp": 0,
        "sent_new_notification": true,
        "completion_custom_deployoutpost": 1,
        "favorite": false
      },
      "quantity": 1
    },
    "a4ded5dd-b011-4f64-b5ba-3f76b0471490": {
      "templateId": "Schematic:ingredient_blastpowder",
      "attributes": {
        "alteration_slots": [
          {
            "Type": "GameplaySlot",
            "NumSlots": 1
          },
          {
            "Type": "AttributeSlot",
            "NumSlots": 3
          }
        ],
        "max_level_bonus": 0,
        "level": 1,
        "item_seen": true,
        "alterations": [],
        "xp": 0,
        "favorite": false
      },
      "quantity": 1
    },
    "7cc171a1-eed0-411c-994d-0e61aa345206": {
      "templateId": "HomebaseNode:t1_main_38e8a5bf4",
      "attributes": {
        "item_seen": false
      },
      "quantity": 1
    },
    "7efc171a1-eed0-411c-994d-0e61aa345206": {
      "templateId": "HomebaseNode:T1_Main_AD1499E010",
      "attributes": {
        "item_seen": false
      },
      "quantity": 1
    },
    "7ef1b71a1-eed0-411c-994d-0e61aa345206": {
      "templateId": "HomebaseNode:T1_Main_27C02FC60",
      "attributes": {
        "item_seen": false
      },
      "quantity": 1
    },
    "7egsac171a1-eed0-411c-994d-0e61aa345206": {
      "templateId": "HomebaseNode:T1_Main_0011CCD10",
      "attributes": {
        "item_seen": false
      },
      "quantity": 1
    },
    "7egnnb71a1-eed0-411c-994d-0e61aa345206": {
      "templateId": "HomebaseNode:T1_Main_904080840",
      "attributes": {
        "item_seen": false
      },
      "quantity": 1
    },
    "7eghaab171a1-eed0-411c-994d-0e61aa345206": {
      "templateId": "HomebaseNode:T1_Main_609C8A9A8",
      "attributes": {
        "item_seen": false
      },
      "quantity": 1
    },
    "7agnhghaab171a1-eed0-411c-994d-0e61aa345206": {
      "templateId": "HomebaseNode:T1_Main_9FDB916E6",
      "attributes": {
        "item_seen": false
      },
      "quantity": 1
    },
    "barghgnhghaab171a1-eed0-411c-994d-asdgtaa35532": {
      "templateId": "HomebaseNode:T1_Main_3FFC8E9D7",
      "attributes": {
        "item_seen": false
      },
      "quantity": 1
    },
    "6668e671-11e2-4029-84d6-133d4dd83e47": {
      "templateId": "HomebaseBannerIcon:standardbanner9",
      "attributes": {
        "item_seen": false
      },
      "quantity": 1
    },
    "3c1493d9-edac-4f89-b423-cd14e371596a": {
      "templateId": "Worker:workerbasic_r_t01",
      "attributes": {
        "gender": "2",
        "level": 1,
        "item_seen": true,
        "squad_slot_idx": 1,
        "portrait": "/Game/UI/Icons/Icon-Worker/IconDefinitions/IconDef-WorkerPortrait-Pragmatic-F01.IconDef-WorkerPortrait-Pragmatic-F01",
        "max_level_bonus": 0,
        "personality": "Homebase.Worker.Personality.IsPragmatic",
        "squad_id": "squad_attribute_medicine_emtsquad",
        "xp": 0,
        "slotted_building_id": "",
        "building_slot_used": -1,
        "favorite": false,
        "set_bonus": "Homebase.Worker.SetBonus.IsShieldRegenLow"
      },
      "quantity": 1
    },
    "49a505fb-1d2f-4d3f-ab34-51b5c4a9c743": {
      "templateId": "HomebaseBannerColor:defaultcolor7",
      "attributes": {
        "item_seen": false
      },
      "quantity": 1
    },
    "08852823-8d2c-4429-a621-e97ebb237abb": {
      "templateId": "Quest:achievement_savesurvivors",
      "attributes": {
        "quest_state": "Active",
        "last_state_change_time": "2017-08-29T21:05:57.089Z",
        "max_level_bonus": 0,
        "level": -1,
        "item_seen": false,
        "completion_questcollect_survivoritemdata": 9,
        "xp": 0,
        "sent_new_notification": true,
        "favorite": false
      },
      "quantity": 1
    },
    "bc467a2e-9394-455d-b39a-278133f39c05": {
      "templateId": "HomebaseBannerIcon:standardbanner12",
      "attributes": {
        "item_seen": true
      },
      "quantity": 1
    },
    "800154ba-cef7-48aa-897a-47541a6e2208": {
      "templateId": "Schematic:sid_edged_scythe_c_ore_t01",
      "attributes": {
        "alteration_slots": [
          {
            "Type": "GameplaySlot",
            "NumSlots": 1
          },
          {
            "Type": "AttributeSlot",
            "NumSlots": 1
          }
        ],
        "max_level_bonus": 0,
        "level": 1,
        "item_seen": true,
        "alterations": [
          "Alteration:aid_att_melee_damage"
        ],
        "xp": 0,
        "favorite": false
      },
      "quantity": 1
    },
    "ac7c555e-83bd-4884-b628-f4e2421fd8aa": {
      "templateId": "Quest:homebasequest_weakpointvision",
      "attributes": {
        "quest_state": "Claimed",
        "last_state_change_time": "2017-08-31T13:47:23.012Z",
        "completion_unlock_skill_tree_weakpointvision": 1,
        "max_level_bonus": 0,
        "level": -1,
        "item_seen": true,
        "xp": 0,
        "sent_new_notification": true,
        "favorite": false
      },
      "quantity": 1
    },
    "d48a09b8-9a07-4a56-a447-f9211d964f5c": {
      "templateId": "HomebaseBannerColor:defaultcolor17",
      "attributes": {
        "item_seen": false
      },
      "quantity": 1
    },
    "55c0f27d-d172-49d6-9ec5-66ba1ed3ae8e": {
      "templateId": "EventPurchaseTracker:generic_instance",
      "attributes": {
        "event_purchases": {},
        "_private": false,
        "devName": "",
        "event_instance_id": "2uf66jaojc9ln271aah5pfsujg[1]0"
      },
      "quantity": 1
    },
    "8ca109fa-9ace-45cf-93ad-a265c3168b44": {
      "templateId": "HomebaseBannerIcon:standardbanner22",
      "attributes": {
        "item_seen": true
      },
      "quantity": 1
    },
    "e2d6cc1e-dbe3-436a-8dd3-fba8523f7456": {
      "templateId": "HomebaseBannerIcon:foundertier1banner4",
      "attributes": {
        "item_seen": false
      },
      "quantity": 1
    },
    "41ae399a-6b53-465a-81ed-58eb50890f77": {
      "templateId": "Quest:challenge_herotraining_1",
      "attributes": {
        "completion_upgrade_any_hero": 1,
        "quest_state": "Claimed",
        "last_state_change_time": "2017-08-31T15:03:20.323Z",
        "max_level_bonus": 0,
        "level": -1,
        "item_seen": true,
        "xp": 0,
        "sent_new_notification": true,
        "favorite": false
      },
      "quantity": 1
    },
    "05d71f97-2626-467a-85d8-9036e8217ec3": {
      "templateId": "AccountResource:eventcurrency_scaling",
      "attributes": {
        "max_level_bonus": 0,
        "level": 1,
        "item_seen": false,
        "xp": 0,
        "favorite": false
      },
      "quantity": 46
    },
    "e57a90d1-e2f5-42fd-b32d-2ebc2408c063": {
      "templateId": "HomebaseBannerIcon:standardbanner11",
      "attributes": {
        "item_seen": true
      },
      "quantity": 1
    },
    "55007fd2-edcc-487d-9e7b-df9044abacb3": {
      "templateId": "Worker:workerbasic_c_t01",
      "attributes": {
        "gender": "2",
        "level": 1,
        "item_seen": true,
        "squad_slot_idx": -1,
        "portrait": "/Game/UI/Icons/Icon-Worker/IconDefinitions/IconDef-WorkerPortrait-Dreamer-F02.IconDef-WorkerPortrait-Dreamer-F02",
        "max_level_bonus": 0,
        "personality": "Homebase.Worker.Personality.IsDreamer",
        "squad_id": "",
        "xp": 0,
        "slotted_building_id": "",
        "building_slot_used": -1,
        "favorite": false,
        "set_bonus": "Homebase.Worker.SetBonus.IsMeleeDamageLow"
      },
      "quantity": 1
    },
    "66aae8ae-9385-4ad4-8ef5-6f4101eda97d": {
      "templateId": "Token:homebasepoints",
      "attributes": {
        "max_level_bonus": 0,
        "level": 1,
        "item_seen": false,
        "xp": 0,
        "favorite": false
      },
      "quantity": 7
    },
    "95f0b025-cdb0-4db7-bfe1-15f3b83c0914": {
      "templateId": "Quest:achievement_protectthesurvivors",
      "attributes": {
        "quest_state": "Claimed",
        "last_state_change_time": "2017-08-29T21:04:55.773Z",
        "max_level_bonus": 0,
        "level": -1,
        "item_seen": false,
        "xp": 0,
        "completion_custom_protectthesurvivors": 1,
        "sent_new_notification": true,
        "favorite": false
      },
      "quantity": 1
    },
    "80d4a192-9206-4bb3-9a34-a4e0139f16b3": {
      "templateId": "HomebaseBannerColor:defaultcolor15",
      "attributes": {
        "item_seen": false
      },
      "quantity": 1
    },
    "f3bc3098-48e2-4874-a6dd-43eabe20e9e5": {
      "templateId": "Schematic:sid_shotgun_auto_uc_ore_t01",
      "attributes": {
        "alteration_slots": [
          {
            "Type": "GameplaySlot",
            "NumSlots": 1
          },
          {
            "Type": "AttributeSlot",
            "NumSlots": 2
          }
        ],
        "max_level_bonus": 0,
        "level": 1,
        "item_seen": true,
        "alterations": [
          "Alteration:aid_att_ranged_clipsize",
          "Alteration:aid_att_ranged_clipsize_alt1"
        ],
        "xp": 0,
        "favorite": false
      },
      "quantity": 1
    },
    "7c5d6c34-2f0b-4bb4-b8e3-7c5e28defa3c": {
      "templateId": "HomebaseBannerIcon:standardbanner15",
      "attributes": {
        "item_seen": true
      },
      "quantity": 1
    },
    "af5c4f1e-e193-4157-aaf6-04066f6bd6f5": {
      "templateId": "Schematic:ingredient_duct_tape",
      "attributes": {
        "alteration_slots": [
          {
            "Type": "GameplaySlot",
            "NumSlots": 1
          },
          {
            "Type": "AttributeSlot",
            "NumSlots": 3
          }
        ],
        "max_level_bonus": 0,
        "level": 1,
        "item_seen": true,
        "alterations": [],
        "xp": 0,
        "favorite": false
      },
      "quantity": 1
    },
    "79f15de0-e59e-4526-af03-0b52fa926a9a": {
      "templateId": "Worker:workerbasic_r_t01",
      "attributes": {
        "gender": "1",
        "level": 1,
        "item_seen": true,
        "squad_slot_idx": 2,
        "portrait": "/Game/UI/Icons/Icon-Worker/IconDefinitions/IconDef-WorkerPortrait-Cooperative-M01.IconDef-WorkerPortrait-Cooperative-M01",
        "max_level_bonus": 0,
        "personality": "Homebase.Worker.Personality.IsCooperative",
        "squad_id": "squad_attribute_arms_fireteamalpha",
        "xp": 0,
        "slotted_building_id": "",
        "building_slot_used": -1,
        "favorite": false,
        "set_bonus": "Homebase.Worker.SetBonus.IsTrapDamageLow"
      },
      "quantity": 1
    },
    "f1feb54d-74ec-4f57-8a50-e0e6eaad3e4d": {
      "templateId": "Schematic:sid_shotgun_tactical_precision_r_ore_t01",
      "attributes": {
        "alteration_slots": [
          {
            "Type": "GameplaySlot",
            "NumSlots": 1
          },
          {
            "Type": "AttributeSlot",
            "NumSlots": 3
          }
        ],
        "max_level_bonus": 0,
        "level": 2,
        "item_seen": true,
        "alterations": [
          "Alteration:aid_att_ranged_damage",
          "Alteration:aid_att_ranged_critchance_alt1",
          "Alteration:aid_g_ranged_electricalaffliction"
        ],
        "xp": 0,
        "favorite": false
      },
      "quantity": 1
    },
    "32fd68a2-960f-4a32-bca2-d982c5372c2d": {
      "templateId": "Schematic:sid_floor_health_c_t00",
      "attributes": {
        "alteration_slots": [
          {
            "Type": "GameplaySlot",
            "NumSlots": 1
          },
          {
            "Type": "AttributeSlot",
            "NumSlots": 2
          }
        ],
        "max_level_bonus": 0,
        "level": 1,
        "item_seen": false,
        "alterations": [],
        "xp": 0,
        "favorite": false
      },
      "quantity": 1
    },
    "073706f8-eb8b-4f4b-9234-585077217fdf": {
      "templateId": "Schematic:sid_assault_burst_r_ore_t01",
      "attributes": {
        "alteration_slots": [
          {
            "Type": "GameplaySlot",
            "NumSlots": 1
          },
          {
            "Type": "AttributeSlot",
            "NumSlots": 3
          }
        ],
        "max_level_bonus": 0,
        "level": 1,
        "item_seen": true,
        "alterations": [
          "Alteration:aid_att_ranged_firerate",
          "Alteration:aid_att_ranged_damage",
          "Alteration:aid_g_ranged_electricalaffliction"
        ],
        "xp": 0,
        "favorite": false
      },
      "quantity": 1
    },
    "93263e0d-eb6d-42bb-8459-7a288122cdde": {
      "templateId": "HomebaseBannerIcon:standardbanner31",
      "attributes": {
        "item_seen": false
      },
      "quantity": 1
    },
    "dc35569d-db9e-4978-8d66-6c90b35a33d1": {
      "templateId": "Worker:workerbasic_c_t01",
      "attributes": {
        "gender": "1",
        "level": 1,
        "item_seen": true,
        "squad_slot_idx": -1,
        "portrait": "/Game/UI/Icons/Icon-Worker/IconDefinitions/IconDef-WorkerPortrait-Dependable-M02.IconDef-WorkerPortrait-Dependable-M02",
        "max_level_bonus": 0,
        "personality": "Homebase.Worker.Personality.IsDependable",
        "squad_id": "",
        "xp": 0,
        "slotted_building_id": "",
        "building_slot_used": -1,
        "favorite": false,
        "set_bonus": "Homebase.Worker.SetBonus.IsTrapDamageLow"
      },
      "quantity": 1
    },
    "5066f6d3-34ec-49e2-b25f-d9afe5c0f94d": {
      "templateId": "Schematic:sid_blunt_light_bat_r_ore_t01",
      "attributes": {
        "alteration_slots": [
          {
            "Type": "GameplaySlot",
            "NumSlots": 1
          },
          {
            "Type": "AttributeSlot",
            "NumSlots": 1
          }
        ],
        "max_level_bonus": 0,
        "level": 1,
        "item_seen": false,
        "alterations": [
          "Alteration:aid_att_melee_damage",
          "Alteration:aid_att_weapon_slowed_dmgbonus_alt1",
          "Alteration:aid_att_melee_critdamage_alt2"
        ],
        "xp": 0,
        "favorite": false
      },
      "quantity": 1
    },
    "96a6f6c0-9e1d-43e3-8bd3-46547b731db8": {
      "templateId": "Quest:achievement_destroygnomes",
      "attributes": {
        "quest_state": "Active",
        "last_state_change_time": "2017-08-29T21:05:57.089Z",
        "max_level_bonus": 0,
        "level": -1,
        "item_seen": false,
        "xp": 0,
        "completion_destroy_gnome": 2,
        "sent_new_notification": true,
        "favorite": false
      },
      "quantity": 1
    },
    "92d46ee6-fc3c-4ee6-80c6-54059aabefce": {
      "templateId": "Quest:heroquest_ninjaleadership",
      "attributes": {
        "quest_state": "Active",
        "last_state_change_time": "2017-08-29T21:05:57.089Z",
        "max_level_bonus": 0,
        "level": -1,
        "completion_unlock_skill_tree_ninja_leadership": 0,
        "item_seen": false,
        "xp": 0,
        "sent_new_notification": true,
        "favorite": false
      },
      "quantity": 1
    },
    "c437b5b9-b0a6-4c0b-ba70-b660cdf20fe9": {
      "templateId": "HomebaseNode:t1_main_8d2c3c4d0",
      "attributes": {
        "item_seen": false
      },
      "quantity": 1
    },
    "5d0d6b9f-e4e7-4f69-94c5-b373455e8f0a": {
      "templateId": "Quest:homebasequest_unlockresearch",
      "attributes": {
        "quest_state": "Claimed",
        "last_state_change_time": "2017-08-31T13:50:01.895Z",
        "completion_unlock_skill_tree_research": 1,
        "max_level_bonus": 0,
        "level": -1,
        "item_seen": false,
        "xp": 0,
        "sent_new_notification": true,
        "favorite": false
      },
      "quantity": 1
    },
    "6c37293a-3ffa-441f-8147-f55d0571babf": {
      "templateId": "HomebaseBannerIcon:standardbanner28",
      "attributes": {
        "item_seen": true
      },
      "quantity": 1
    },
    "d9977644-d196-4e9f-93b9-126523ae5ae3": {
      "templateId": "HomebaseBannerColor:defaultcolor14",
      "attributes": {
        "item_seen": false
      },
      "quantity": 1
    },
    "f9fb7413-9c59-49dd-9e17-e2f5277871fc": {
      "templateId": "Schematic:sid_blunt_light_r_ore_t01",
      "attributes": {
        "alteration_slots": [
          {
            "Type": "GameplaySlot",
            "NumSlots": 1
          },
          {
            "Type": "AttributeSlot",
            "NumSlots": 3
          }
        ],
        "max_level_bonus": 0,
        "level": 1,
        "item_seen": true,
        "alterations": [
          "Alteration:aid_att_melee_critchance",
          "Alteration:aid_att_melee_durabilitydecay_alt2",
          "Alteration:aid_g_melee_incendiary"
        ],
        "xp": 0,
        "favorite": false
      },
      "quantity": 1
    },
    "83f598e7-ce64-4502-8201-6144fbc7e120": {
      "templateId": "Token:founderspack_1",
      "attributes": {
        "max_level_bonus": 0,
        "level": 1,
        "item_seen": false,
        "xp": 0,
        "favorite": false
      },
      "quantity": 1
    },
    "9e51c6fd-2826-4dc5-b50c-18882e21a0d6": {
      "templateId": "Quest:homebasequest_unlockexpeditions",
      "attributes": {
        "quest_state": "Active",
        "last_state_change_time": "2017-08-29T21:05:57.089Z",
        "max_level_bonus": 0,
        "level": -1,
        "completion_unlock_skill_tree_expeditions": 0,
        "item_seen": false,
        "xp": 0,
        "sent_new_notification": true,
        "favorite": false
      },
      "quantity": 1
    },
    "535de809-daa9-4afd-a5ad-ad4c9d342e59": {
      "templateId": "Quest:homebasequest_slotemtworker",
      "attributes": {
        "quest_state": "Claimed",
        "last_state_change_time": "2017-08-31T13:50:32.302Z",
        "max_level_bonus": 0,
        "level": -1,
        "item_seen": true,
        "xp": 0,
        "sent_new_notification": true,
        "favorite": false,
        "completion_assign_worker_to_emt_squadone": 1
      },
      "quantity": 1
    },
    "851c947b-cdd9-45ef-bd75-8c5228f3004e": {
      "templateId": "Worker:workerbasic_r_t01",
      "attributes": {
        "gender": "2",
        "level": 1,
        "item_seen": true,
        "squad_slot_idx": 1,
        "portrait": "/Game/UI/Icons/Icon-Worker/IconDefinitions/IconDef-WorkerPortrait-Dreamer-F02.IconDef-WorkerPortrait-Dreamer-F02",
        "max_level_bonus": 0,
        "personality": "Homebase.Worker.Personality.IsDreamer",
        "squad_id": "squad_attribute_arms_fireteamalpha",
        "xp": 0,
        "slotted_building_id": "",
        "building_slot_used": -1,
        "favorite": false,
        "set_bonus": "Homebase.Worker.SetBonus.IsRangedDamageLow"
      },
      "quantity": 1
    },
    "daea2ba9-bda3-4cdb-aee9-07de94ed361f": {
      "templateId": "Quest:heroquest_outlanderleadership",
      "attributes": {
        "quest_state": "Active",
        "last_state_change_time": "2017-08-29T21:05:57.089Z",
        "max_level_bonus": 0,
        "level": -1,
        "item_seen": false,
        "xp": 0,
        "completion_unlock_skill_tree_outlander_leadership": 0,
        "sent_new_notification": true,
        "favorite": false
      },
      "quantity": 1
    },
    "c4eddfea-d11e-47ac-b8da-fce009cffb89": {
      "templateId": "Schematic:sid_edged_sword_medium_c_ore_t00",
      "attributes": {
        "alteration_slots": [
          {
            "Type": "GameplaySlot",
            "NumSlots": 1
          },
          {
            "Type": "AttributeSlot",
            "NumSlots": 1
          }
        ],
        "max_level_bonus": 0,
        "level": 1,
        "item_seen": false,
        "alterations": [],
        "xp": 0,
        "favorite": false
      },
      "quantity": 1
    },
    "f81b9dd4-35c0-40a0-bebf-400ab1283b82": {
      "templateId": "HomebaseBannerIcon:standardbanner13",
      "attributes": {
        "item_seen": true
      },
      "quantity": 1
    },
    "71344f5e-5d23-47e9-a952-847952b4d9b5": {
      "templateId": "Quest:challenge_weaponupgrade_1",
      "attributes": {
        "quest_state": "Claimed",
        "last_state_change_time": "2017-08-31T15:04:39.253Z",
        "max_level_bonus": 0,
        "level": -1,
        "item_seen": true,
        "xp": 0,
        "sent_new_notification": true,
        "completion_upgrade_any_weapon": 1,
        "favorite": false
      },
      "quantity": 1
    },
    "ac41d1f4-6ece-45df-93b1-99830c414a68": {
      "templateId": "HomebaseBannerIcon:standardbanner6",
      "attributes": {
        "item_seen": true
      },
      "quantity": 1
    },
    "b79c7228-2bdc-4f4d-8a9e-9b6eda23095d": {
      "templateId": "HomebaseBannerColor:defaultcolor19",
      "attributes": {
        "item_seen": false
      },
      "quantity": 1
    },
    "59d78745-96f2-4bbc-9501-0030ad03365c": {
      "templateId": "HomebaseBannerIcon:standardbanner2",
      "attributes": {
        "item_seen": false
      },
      "quantity": 1
    },
    "a1ca7ab5-dd7e-4131-bf8a-819c32b3ac46": {
      "templateId": "Quest:achievement_explorezones",
      "attributes": {
        "quest_state": "Active",
        "completion_complete_exploration_1": 0,
        "last_state_change_time": "2017-08-29T21:05:57.089Z",
        "max_level_bonus": 0,
        "level": -1,
        "item_seen": false,
        "xp": 0,
        "sent_new_notification": true,
        "favorite": false
      },
      "quantity": 1
    },
    "d1f90b14-611f-42d0-b4bf-1d30caeaebd2": {
      "templateId": "Hero:hid_outlander_007_uc_t01",
      "attributes": {
        "equipped_cosmetics": [
          "",
          "",
          "",
          "",
          "",
          "",
          "",
          ""
        ],
        "gender": 0,
        "level": 1,
        "item_seen": true,
        "squad_slot_idx": -1,
        "portrait": "",
        "hero_name": "DefaultHeroName",
        "max_level_bonus": 0,
        "squad_id": "",
        "mode_loadouts": [],
        "xp": 0,
        "slotted_building_id": "",
        "building_slot_used": -1,
        "favorite": false
      },
      "quantity": 1
    },
    "d1f90fdfdfdfdfdf4-611f-42d0-b4bf-1d30caeaebd2": {
      "templateId": "Hero:hid_outlander_zonefragment_sr_t05",
      "attributes": {
        "equipped_cosmetics": [
          "",
          "",
          "",
          "",
          "",
          "",
          "",
          ""
        ],
        "gender": 0,
        "level": 50,
        "item_seen": true,
        "squad_slot_idx": 0,
        "portrait": "",
        "hero_name": "DefaultHeroName",
        "max_level_bonus": 0,
        "squad_id": "Squad_Attribute_Scavenging_ScoutingParty",
        "personality": "Homebase.Worker.Personality.IsCompetitive",
        "managerSynergy": "Homebase.Manager.IsExplorer",
        "mode_loadouts": [],
        "xp": 0,
        "slotted_building_id": "",
        "building_slot_used": -1,
        "favorite": false
      },
      "quantity": 1
    },
    "410d8f37-8216-4466-b987-af3a7303f217": {
      "templateId": "HomebaseBannerIcon:standardbanner29",
      "attributes": {
        "item_seen": true
      },
      "quantity": 1
    },
    "110c9ba5-3b17-4625-b74e-a581f0ed823e": {
      "templateId": "HomebaseBannerIcon:foundertier1banner3",
      "attributes": {
        "item_seen": false
      },
      "quantity": 1
    },
    "2d4ea84f-b6d7-42dc-b193-98bb9a31b3aa": {
      "templateId": "Quest:foundersquest_getrewards_0_1",
      "attributes": {
        "quest_state": "Claimed",
        "last_state_change_time": "2017-08-29T21:19:45.200Z",
        "max_level_bonus": 0,
        "completion_questcomplete_homebaseonboardingafteroutpost": 1,
        "level": -1,
        "item_seen": false,
        "xp": 0,
        "sent_new_notification": true,
        "favorite": false
      },
      "quantity": 1
    },
    "d3fa9aa6-df5f-406d-ac40-e884e6b832f3": {
      "templateId": "Worker:managertrainer_uc_t01",
      "attributes": {
        "gender": "1",
        "level": 1,
        "item_seen": true,
        "squad_slot_idx": -1,
        "portrait": "/Game/UI/Icons/Icon-Worker/IconDefinitions/IconDef-ManagerPortrait-PersonalTrainer-M01.IconDef-ManagerPortrait-PersonalTrainer-M01",
        "max_level_bonus": 0,
        "personality": "Homebase.Worker.Personality.IsDependable",
        "squad_id": "",
        "xp": 0,
        "slotted_building_id": "",
        "managerSynergy": "Homebase.Manager.IsTrainer",
        "building_slot_used": -1,
        "favorite": false
      },
      "quantity": 1
    },
    "785f6f85-04c6-4025-acda-b6e9dd078afa": {
      "templateId": "Quest:achievement_playwithothers",
      "attributes": {
        "quest_state": "Active",
        "last_state_change_time": "2017-08-29T21:05:57.089Z",
        "max_level_bonus": 0,
        "level": -1,
        "item_seen": false,
        "completion_quick_complete": 0,
        "xp": 0,
        "sent_new_notification": true,
        "favorite": false
      },
      "quantity": 1
    },
    "8c67473e-3f3a-4cb7-bf9c-1637d285cdaa": {
      "templateId": "HomebaseBannerIcon:foundertier1banner2",
      "attributes": {
        "item_seen": false
      },
      "quantity": 1
    },
    "e4d92b7c-4591-472d-a32f-71251ec8786f": {
      "templateId": "Schematic:sid_assault_burst_uc_ore_t01",
      "attributes": {
        "alteration_slots": [
          {
            "Type": "GameplaySlot",
            "NumSlots": 1
          },
          {
            "Type": "AttributeSlot",
            "NumSlots": 2
          }
        ],
        "max_level_bonus": 0,
        "level": 1,
        "item_seen": true,
        "alterations": [
          "Alteration:aid_att_ranged_durabilitydecay",
          "Alteration:aid_att_ranged_damage"
        ],
        "xp": 0,
        "favorite": false
      },
      "quantity": 1
    },
    "9aafecdc-c09f-4741-add3-41f3e521d955": {
      "templateId": "Quest:homebaseonboardinggrantschematics",
      "attributes": {
        "quest_state": "Claimed",
        "last_state_change_time": "2017-08-29T21:18:00.437Z",
        "max_level_bonus": 0,
        "level": -1,
        "item_seen": false,
        "xp": 0,
        "completion_questcomplete_outpostquest_t1_l1": 1,
        "sent_new_notification": true,
        "favorite": false
      },
      "quantity": 1
    },
    "141f75cd-6fa6-481a-be29-25742f4f98ff": {
      "templateId": "Worker:workerbasic_uc_t01",
      "attributes": {
        "gender": "2",
        "level": 1,
        "item_seen": true,
        "squad_slot_idx": -1,
        "portrait": "/Game/UI/Icons/Icon-Worker/IconDefinitions/IconDef-WorkerPortrait-Competitive-F01.IconDef-WorkerPortrait-Competitive-F01",
        "max_level_bonus": 0,
        "personality": "Homebase.Worker.Personality.IsCompetitive",
        "squad_id": "",
        "xp": 0,
        "slotted_building_id": "",
        "building_slot_used": -1,
        "favorite": false,
        "set_bonus": "Homebase.Worker.SetBonus.IsAbilityDamageLow"
      },
      "quantity": 1
    },
    "6edce324-aa06-4f46-b311-e87dfb780f03": {
      "templateId": "Schematic:sid_piercing_spear_uc_ore_t01",
      "attributes": {
        "alteration_slots": [
          {
            "Type": "GameplaySlot",
            "NumSlots": 1
          },
          {
            "Type": "AttributeSlot",
            "NumSlots": 2
          }
        ],
        "max_level_bonus": 0,
        "level": 1,
        "item_seen": true,
        "alterations": [
          "Alteration:aid_att_melee_damage",
          "Alteration:aid_g_melee_affliction"
        ],
        "xp": 0,
        "favorite": false
      },
      "quantity": 1
    },
    "3abeaad4-31fd-49b9-ac16-35fcee36de7d": {
      "templateId": "HomebaseBannerIcon:standardbanner10",
      "attributes": {
        "item_seen": true
      },
      "quantity": 1
    },
    "f1ad0bee-6a0a-4a39-871c-df12f3647849": {
      "templateId": "Schematic:sid_blunt_medium_uc_ore_t01",
      "attributes": {
        "alteration_slots": [
          {
            "Type": "GameplaySlot",
            "NumSlots": 1
          },
          {
            "Type": "AttributeSlot",
            "NumSlots": 2
          }
        ],
        "max_level_bonus": 0,
        "level": 1,
        "item_seen": true,
        "alterations": [
          "Alteration:aid_att_melee_damage",
          "Alteration:aid_att_melee_staminacostreduction"
        ],
        "xp": 0,
        "favorite": false
      },
      "quantity": 1
    },
    "edba2920-969d-495a-b782-c27b3b0320e3": {
      "templateId": "Schematic:sid_sniper_boltaction_scope_r_ore_t01",
      "attributes": {
        "alteration_slots": [
          {
            "Type": "GameplaySlot",
            "NumSlots": 1
          },
          {
            "Type": "AttributeSlot",
            "NumSlots": 3
          }
        ],
        "max_level_bonus": 0,
        "level": 1,
        "item_seen": true,
        "alterations": [
          "Alteration:aid_att_ranged_damage",
          "Alteration:aid_att_ranged_durabilitydecay",
          "Alteration:aid_g_ranged_cryoaffliction"
        ],
        "xp": 0,
        "favorite": false
      },
      "quantity": 1
    },
    "bd18cee3-fe9e-4da1-8d31-9aea8c7b76a2": {
      "templateId": "HomebaseBannerIcon:standardbanner4",
      "attributes": {
        "item_seen": true
      },
      "quantity": 1
    },
    "bd6d7ee4-d76e-4856-9352-eb0238ff6350": {
      "templateId": "HomebaseBannerColor:defaultcolor10",
      "attributes": {
        "item_seen": true
      },
      "quantity": 1
    },
    "6b4f7407-bf62-4122-962d-fb5099a97c33": {
      "templateId": "DailyRewardScheduleToken:founderspackdailyrewardtoken",
      "attributes": {
        "max_level_bonus": 0,
        "level": 1,
        "item_seen": false,
        "xp": 0,
        "favorite": false
      },
      "quantity": 5
    },
    "eafa0d89-e9ad-42ce-a7a3-e5801d53f20c": {
      "templateId": "Token:worldinventorybonus",
      "attributes": {
        "max_level_bonus": 0,
        "level": 1,
        "item_seen": false,
        "xp": 0,
        "favorite": false
      },
      "quantity": 10
    },
    "f3c84f3b-b88f-4d26-977f-b0ef79b2bc96": {
      "templateId": "HomebaseBannerIcon:standardbanner7",
      "attributes": {
        "item_seen": true
      },
      "quantity": 1
    },
    "80d1701f-f9f5-4c46-9ee5-c32dbff9148c": {
      "templateId": "Schematic:sid_edged_scythe_c_ore_t01",
      "attributes": {
        "alteration_slots": [
          {
            "Type": "GameplaySlot",
            "NumSlots": 1
          },
          {
            "Type": "AttributeSlot",
            "NumSlots": 1
          }
        ],
        "max_level_bonus": 0,
        "level": 1,
        "item_seen": false,
        "alterations": [
          "Alteration:aid_att_melee_damage"
        ],
        "xp": 0,
        "favorite": false
      },
      "quantity": 1
    },
    "a91c7a09-0462-40ce-aaa9-fa27e1b35d07": {
      "templateId": "HomebaseNode:trtrunk_1_0",
      "attributes": {
        "item_seen": false
      },
      "quantity": 1
    },
    "bb5e6cc5-8083-412e-a391-3b434462f4a6": {
      "templateId": "Token:campaignaccess",
      "attributes": {
        "max_level_bonus": 0,
        "level": 1,
        "item_seen": false,
        "xp": 0,
        "favorite": false
      },
      "quantity": 1
    },
    "901080b6-4457-419f-99c2-f70f1b1153de": {
      "templateId": "Quest:stonewoodquest_retrievedata_d1",
      "attributes": {
        "quest_state": "Claimed",
        "last_state_change_time": "2017-12-25T02:06:00.508Z",
        "max_level_bonus": 0,
        "level": -1,
        "item_seen": true,
        "xp": 0,
        "completion_complete_retrievedata_1": 1,
        "sent_new_notification": true,
        "favorite": false
      },
      "quantity": 1
    },
    "6a1080bfa457-419f-99c2-f70f1b1153de": {
      "templateId": "Quest:HomebaseQuest_SlotOutpostDefender",
      "attributes": {
        "quest_state": "Claimed",
        "last_state_change_time": "2017-12-25T02:06:00.508Z",
        "max_level_bonus": 0,
        "level": -1,
        "item_seen": true,
        "xp": 0,
        "completion_complete_retrievedata_1": 1,
        "sent_new_notification": true,
        "favorite": false
      },
      "quantity": 1
    },
    "67edaaaab0bfa4f7-419f-99c2-f70gs153ag": {
      "templateId": "Quest:HomebaseQuest_UnlockOutpostDefender",
      "attributes": {
        "quest_state": "Claimed",
        "last_state_change_time": "2017-12-25T02:06:00.508Z",
        "max_level_bonus": 0,
        "level": -1,
        "item_seen": true,
        "xp": 0,
        "completion_complete_retrievedata_1": 1,
        "sent_new_notification": true,
        "favorite": false
      },
      "quantity": 1
    },
    "1abfaab0bfa4f7-419f-99c2-f70gs153ag": {
      "templateId": "Quest:HomebaseQuest_UnlockMissionDefender",
      "attributes": {
        "quest_state": "Claimed",
        "last_state_change_time": "2017-12-25T02:06:00.508Z",
        "max_level_bonus": 0,
        "level": -1,
        "item_seen": true,
        "xp": 0,
        "completion_complete_retrievedata_1": 1,
        "sent_new_notification": true,
        "favorite": false
      },
      "quantity": 1
    },
    "1abfaab0bfa4f7-419f-99c2-f70gsfag": {
      "templateId": "Quest:HomebaseQuest_SlotMissionDefender",
      "attributes": {
        "quest_state": "Claimed",
        "last_state_change_time": "2017-12-25T02:06:00.508Z",
        "max_level_bonus": 0,
        "level": -1,
        "item_seen": true,
        "xp": 0,
        "completion_complete_retrievedata_1": 1,
        "sent_new_notification": true,
        "favorite": false
      },
      "quantity": 1
    },
    "c5575af8-bb4e-4bca-9d4a-1a5470977b12": {
      "templateId": "Schematic:sid_floor_spikes_wood_c_t01",
      "attributes": {
        "alteration_slots": [
          {
            "Type": "GameplaySlot",
            "NumSlots": 1
          },
          {
            "Type": "AttributeSlot",
            "NumSlots": 1
          }
        ],
        "max_level_bonus": 0,
        "level": 1,
        "item_seen": true,
        "alterations": [],
        "xp": 0,
        "favorite": false
      },
      "quantity": 1
    },
    "903efe28-0319-4ef0-9cc0-23df20ff39c1": {
      "templateId": "HomebaseBannerIcon:standardbanner8",
      "attributes": {
        "item_seen": false
      },
      "quantity": 1
    },
    "fac3f7bb-08e7-46ef-b369-44d0469ababe": {
      "templateId": "HomebaseBannerColor:defaultcolor8",
      "attributes": {
        "item_seen": false
      },
      "quantity": 1
    },
    "f7877f09-0826-45e2-8224-c833443d9c56": {
      "templateId": "HomebaseBannerIcon:foundertier1banner1",
      "attributes": {
        "item_seen": false
      },
      "quantity": 1
    },
    "690b1a71-4260-4751-802d-9683dfd76929": {
      "templateId": "Schematic:sid_wall_darts_uc_t01",
      "attributes": {
        "alteration_slots": [
          {
            "Type": "GameplaySlot",
            "NumSlots": 1
          },
          {
            "Type": "AttributeSlot",
            "NumSlots": 2
          }
        ],
        "max_level_bonus": 0,
        "level": 1,
        "item_seen": true,
        "alterations": [
          "Alteration:aid_att_trap_maxdurability",
          "Alteration:aid_att_trap_critchance"
        ],
        "xp": 0,
        "favorite": false
      },
      "quantity": 1
    },
    "a04fe907-248d-4b60-b918-53cc7497ab32": {
      "templateId": "AccountResource:eventcurrency_snowballs",
      "attributes": {
        "max_level_bonus": 0,
        "level": 1,
        "item_seen": false,
        "xp": 0,
        "favorite": false
      },
      "quantity": 100
    },
    "28a3a983-16ee-4243-a71e-7f5f3b0953e4": {
      "templateId": "Worker:managerexplorer_c_t01",
      "attributes": {
        "gender": "2",
        "level": 1,
        "item_seen": true,
        "squad_slot_idx": -1,
        "portrait": "/Game/UI/Icons/Icon-Worker/IconDefinitions/IconDef-ManagerPortrait-Explorer-F01.IconDef-ManagerPortrait-Explorer-F01",
        "max_level_bonus": 0,
        "personality": "Homebase.Worker.Personality.IsCompetitive",
        "squad_id": "",
        "xp": 0,
        "slotted_building_id": "",
        "managerSynergy": "Homebase.Manager.IsExplorer",
        "building_slot_used": -1,
        "favorite": false
      },
      "quantity": 1
    },
    "85272884-de04-4721-bc9b-38f1b33562cc": {
      "templateId": "HomebaseBannerColor:defaultcolor13",
      "attributes": {
        "item_seen": true
      },
      "quantity": 1
    },
    "82c46baf-9e03-4314-a2fd-3c461ffc1a0e": {
      "templateId": "Quest:monthrewardquest_getrewards",
      "attributes": {
        "quest_state": "Claimed",
        "last_state_change_time": "2017-08-31T13:45:04.366Z",
        "max_level_bonus": 0,
        "completion_questcomplete_homebaseonboardingafteroutpost": 1,
        "level": -1,
        "item_seen": false,
        "xp": 0,
        "sent_new_notification": true,
        "favorite": false
      },
      "quantity": 1
    },
    "1387c1b3-72d7-4a8d-8fbe-ebb6cdae7494": {
      "templateId": "HomebaseBannerIcon:standardbanner1",
      "attributes": {
        "item_seen": true
      },
      "quantity": 1
    },
    "b1917ede-564a-4545-bccc-64c1f81fca2f": {
      "templateId": "Worker:workerbasic_r_t01",
      "attributes": {
        "gender": "2",
        "level": 1,
        "item_seen": true,
        "squad_slot_idx": -1,
        "portrait": "/Game/UI/Icons/Icon-Worker/IconDefinitions/IconDef-WorkerPortrait-Pragmatic-F01.IconDef-WorkerPortrait-Pragmatic-F01",
        "max_level_bonus": 0,
        "personality": "Homebase.Worker.Personality.IsPragmatic",
        "squad_id": "",
        "xp": 0,
        "slotted_building_id": "",
        "building_slot_used": -1,
        "favorite": false,
        "set_bonus": "Homebase.Worker.SetBonus.IsAbilityDamageLow"
      },
      "quantity": 1
    },
    "1a8af2f5-7a71-4445-9a73-451c97fe2d1d": {
      "templateId": "Worker:workerbasic_uc_t01",
      "attributes": {
        "gender": "2",
        "level": 1,
        "item_seen": false,
        "squad_slot_idx": -1,
        "portrait": "/Game/UI/Icons/Icon-Worker/IconDefinitions/IconDef-WorkerPortrait-Competitive-F02.IconDef-WorkerPortrait-Competitive-F02",
        "max_level_bonus": 0,
        "personality": "Homebase.Worker.Personality.IsCompetitive",
        "squad_id": "",
        "xp": 0,
        "slotted_building_id": "",
        "building_slot_used": -1,
        "favorite": false,
        "set_bonus": "Homebase.Worker.SetBonus.IsResistanceLow"
      },
      "quantity": 1
    },
    "4219bbef-3dd0-431a-80f7-3da6a572e6ff": {
      "templateId": "Quest:achievement_loottreasurechests",
      "attributes": {
        "completion_interact_treasurechest": 4,
        "quest_state": "Active",
        "last_state_change_time": "2017-08-29T21:05:57.089Z",
        "max_level_bonus": 0,
        "level": -1,
        "item_seen": false,
        "xp": 0,
        "sent_new_notification": true,
        "favorite": false
      },
      "quantity": 1
    },
    "dd288f85-f3a0-40c2-bf22-f3b20d884144": {
      "templateId": "Quest:reactivequest_copperore",
      "attributes": {
        "quest_state": "Claimed",
        "last_state_change_time": "2017-08-31T14:43:55.247Z",
        "max_level_bonus": 0,
        "completion_quest_reactive_copperore": 1,
        "level": -1,
        "item_seen": false,
        "xp": 0,
        "sent_new_notification": true,
        "favorite": false
      },
      "quantity": 1
    },
    "ad0e53a8-b8ec-4bed-aaf3-ca414c42d929": {
      "templateId": "Hero:hid_constructor_rushbase_sr_t04",
      "attributes": {
        "equipped_cosmetics": [
          "",
          "",
          "",
          "",
          "",
          "",
          "",
          ""
        ],
        "gender": 0,
        "level": 40,
        "item_seen": true,
        "squad_slot_idx": 1,
        "portrait": "",
        "hero_name": "DefaultHeroName",
        "max_level_bonus": 0,
        "mode_loadouts": [
          {
            "loadoutName": "Default",
            "selectedGadgets": [
              "Gadget:g_constructor_bullrush",
              "",
              ""
            ]
          }
        ],
        "squad_id": "squad_combat_adventuresquadone",
        "xp": 0,
        "slotted_building_id": "",
        "building_slot_used": -1,
        "favorite": false
      },
      "quantity": 1
    },
    "ad0e53a8-b8ec-4bed-aaf3-ca414sdgdgdgd2d929": {
      "templateId": "Hero:hid_constructor_rushbase_sr_t05",
      "attributes": {
        "equipped_cosmetics": [
          "",
          "",
          "",
          "",
          "",
          "",
          "",
          ""
        ],
        "gender": 1,
        "level": 50,
        "item_seen": true,
        "squad_slot_idx": 0,
        "portrait": "",
        "hero_name": "DefaultHeroName",
        "max_level_bonus": 0,
        "mode_loadouts": [
          {
            "loadoutName": "Default",
            "selectedGadgets": [
              "Gadget:g_constructor_bullrush",
              "",
              ""
            ]
          }
        ],
        "squad_id": "Squad_Attribute_Synthesis_CorpsofEngineering",
        "personality": "Homebase.Worker.Personality.IsCooperative",
        "managerSynergy": "Homebase.Manager.IsEngineer",
        "xp": 0,
        "slotted_building_id": "",
        "building_slot_used": -1,
        "favorite": false
      },
      "quantity": 1
    },
    "agfgfgfg-b8ec-4bed-aaf3-ssdfdfddfd929": {
      "templateId": "Hero:hid_commando_athena_menu",
      "attributes": {
        "equipped_cosmetics": [
          "",
          "",
          "",
          "",
          "",
          "",
          "",
          ""
        ],
        "gender": 0,
        "level": 1,
        "item_seen": true,
        "squad_slot_idx": 0,
        "portrait": "",
        "hero_name": "DefaultHeroName",
        "max_level_bonus": 0,
        "mode_loadouts": [
          {
            "loadoutName": "Default",
            "selectedGadgets": [
              "",
              "",
              ""
            ]
          }
        ],
        "squad_id": "",
        "xp": 0,
        "slotted_building_id": "",
        "building_slot_used": -1,
        "favorite": false
      },
      "quantity": 1
    },
    "632493cd-5d36-422e-a7ad-277797afebeb": {
      "templateId": "AccountResource:peopleresource",
      "attributes": {
        "max_level_bonus": 0,
        "level": 1,
        "item_seen": true,
        "xp": 0,
        "favorite": false
      },
      "quantity": 15
    },
    "5036da7c-c2be-4974-9895-4127ecb2ae23": {
      "templateId": "HomebaseNode:t1_main_fabc7c290",
      "attributes": {
        "item_seen": false
      },
      "quantity": 1
    },
    "5036gayc-c2be-4974-9895-4127ecb2ae23": {
      "templateId": "HomebaseNode:T1_Main_B1AEF23D10",
      "attributes": {
        "item_seen": false
      },
      "quantity": 1
    },
    "5036flipflopc-c2be-4974-9895-4127ecb2ae23": {
      "templateId": "HomebaseNode:T1_Main_498AB88F0",
      "attributes": {
        "item_seen": false
      },
      "quantity": 1
    },
    "5036da7c-faggfgfg-4974-9895-4127ecb2ae23": {
      "templateId": "HomebaseNode:T1_Main_E05F04D75",
      "attributes": {
        "item_seen": false
      },
      "quantity": 1
    },
    "5036da7c-faggfgfdfgdfgfdgdffdg74-9895-4127ecb2ae23": {
      "templateId": "HomebaseNode:T1_Main_849930D55",
      "attributes": {
        "item_seen": false
      },
      "quantity": 1
    },
    "5036da7c-faggfgfdfgddgdffdg74-9895-4127ecb2ae23": {
      "templateId": "HomebaseNode:T1_Main_B1A3A3771",
      "attributes": {
        "item_seen": false
      },
      "quantity": 1
    },
    "sdfdsfsdsdaiwa387r87a8fgfdfgddgdffdg74-9895-4127ecb2ae23": {
      "templateId": "HomebaseNode:T1_Main_77F7B7826",
      "attributes": {
        "item_seen": false
      },
      "quantity": 1
    },
    "sdfdsfsdsdaiwa387r87a8fgfdfgdgsdeeetfdg74-98v5-4127ecb2ae23": {
      "templateId": "HomebaseNode:T1_Main_0336AC827",
      "attributes": {
        "item_seen": false
      },
      "quantity": 1
    },
    "sdfdsfsdsdaiwa387r87a8fgfdfgddgdfggbaaag-98v5-4127ecb2ae23": {
      "templateId": "HomebaseNode:T1_Main_0ABACB4E2",
      "attributes": {
        "item_seen": false
      },
      "quantity": 1
    },
    "sdfdsfaaiwa387r87a8fgfdfgddgdfggbaaag-98v5-4127ecb2ae23": {
      "templateId": "HomebaseNode:T1_Main_702F364C0",
      "attributes": {
        "item_seen": false
      },
      "quantity": 1
    },
    "sdfdsfaaiwa387r87a8fgfdfgddgdfggbaaag-9gg-4127ecb2ae23": {
      "templateId": "HomebaseNode:T1_Main_243215D30",
      "attributes": {
        "item_seen": false
      },
      "quantity": 1
    },
    "90388843-a2b1-43c4-8ec7-49d1e40e8e98": {
      "templateId": "Hero:hid_commando_grenadegun_sr_t05",
      "attributes": {
        "equipped_cosmetics": [
          "",
          "",
          "",
          "",
          "",
          "",
          "",
          ""
        ],
        "gender": 0,
        "level": 50,
        "item_seen": true,
        "squad_slot_idx": 0,
        "portrait": "",
        "hero_name": "DefaultHeroName",
        "max_level_bonus": 0,
        "squad_id": "squad_combat_adventuresquadone",
        "mode_loadouts": [
          {
            "loadoutName": "Default",
            "selectedGadgets": [
              "Schematic:sid_assault_auto_sr_crystal_t06",
              "Gadget:g_commando_goincommando",
              "Gadget:g_commando_fraggrenade",
              "Gadget:gadget_generic_turret"
            ]
          }
        ],
        "xp": 0,
        "slotted_building_id": "",
        "building_slot_used": -1,
        "favorite": false
      },
      "quantity": 1
    },
    "903888ggfg3-a2b1-43c4-8ec7-49d1e40e8e98": {
      "templateId": "Hero:hid_commando_cinematic_test_r_t03",
      "attributes": {
        "equipped_cosmetics": [
          "",
          "",
          "",
          "",
          "",
          "",
          "",
          ""
        ],
        "gender": 0,
        "level": 30,
        "item_seen": true,
        "squad_slot_idx": 2,
        "portrait": "",
        "hero_name": "DefaultHeroName",
        "max_level_bonus": 0,
        "squad_id": "squad_combat_adventuresquadone",
        "mode_loadouts": [
          {
            "loadoutName": "Default",
            "selectedGadgets": [
              "Gadget:g_commando_goincommando"
            ]
          }
        ],
        "xp": 0,
        "slotted_building_id": "",
        "building_slot_used": -1,
        "favorite": false
      },
      "quantity": 1
    },
    "de06b39f-0819-40e5-8c3b-fec5e417758c": {
      "templateId": "Quest:homebasequest_unlocksquads",
      "attributes": {
        "quest_state": "Claimed",
        "last_state_change_time": "2017-08-31T13:49:51.801Z",
        "max_level_bonus": 0,
        "level": -1,
        "item_seen": true,
        "xp": 0,
        "sent_new_notification": true,
        "favorite": false,
        "completion_unlock_skill_tree_squads": 1
      },
      "quantity": 1
    },
    "b8f6d78f-15e5-4ea0-9cd7-423f834ed661": {
      "templateId": "Schematic:sid_assault_auto_c_ore_t00",
      "attributes": {
        "alteration_slots": [
          {
            "Type": "GameplaySlot",
            "NumSlots": 1
          },
          {
            "Type": "AttributeSlot",
            "NumSlots": 1
          }
        ],
        "max_level_bonus": 0,
        "level": 1,
        "item_seen": true,
        "alterations": [],
        "xp": 0,
        "favorite": false
      },
      "quantity": 1
    },
    "a1d2391f-8a36-4382-ad6f-342c0b4224f2": {
      "templateId": "Schematic:ammo_bulletslight",
      "attributes": {
        "alteration_slots": [
          {
            "Type": "GameplaySlot",
            "NumSlots": 1
          },
          {
            "Type": "AttributeSlot",
            "NumSlots": 3
          }
        ],
        "max_level_bonus": 0,
        "level": 1,
        "item_seen": true,
        "alterations": [],
        "xp": 0,
        "favorite": false
      },
      "quantity": 1
    },
    "b997b439-70ef-4c1b-bf9c-f3de3bac88a2": {
      "templateId": "Schematic:ammo_bulletsmedium",
      "attributes": {
        "alteration_slots": [
          {
            "Type": "GameplaySlot",
            "NumSlots": 1
          },
          {
            "Type": "AttributeSlot",
            "NumSlots": 3
          }
        ],
        "max_level_bonus": 0,
        "level": 1,
        "item_seen": false,
        "alterations": [],
        "xp": 0,
        "favorite": false
      },
      "quantity": 1
    },
    "8b5df8b9-7a90-4417-aadc-b36344ed8335": {
      "templateId": "Quest:achievement_craftfirstweapon",
      "attributes": {
        "quest_state": "Claimed",
        "last_state_change_time": "2017-08-29T21:04:55.773Z",
        "completion_custom_craftfirstweapon": 1,
        "max_level_bonus": 0,
        "level": -1,
        "item_seen": false,
        "xp": 0,
        "sent_new_notification": true,
        "favorite": false
      },
      "quantity": 1
    },
    "5429e1a5-0912-4ab7-99b3-e8da47c91af5": {
      "templateId": "HomebaseBannerIcon:standardbanner5",
      "attributes": {
        "item_seen": true
      },
      "quantity": 1
    },
    "2688163d-2bbc-491f-a0c0-dc59339aa479": {
      "templateId": "Defender:did_defenderassault_basic_uc_t01",
      "attributes": {
        "alteration_slots": [
          {
            "Type": "AttributeSlot",
            "NumSlots": 2
          }
        ],
        "max_level_bonus": 0,
        "squad_id": "",
        "level": 1,
        "item_seen": true,
        "squad_slot_idx": -1,
        "alterations": [
          "Alteration:aid_att_def_critchance_ranged",
          "Alteration:aid_att_def_maxshield"
        ],
        "xp": 0,
        "favorite": false
      },
      "quantity": 1
    },
    "faca07b8-8fbe-4cb5-800f-6de994c1f500": {
      "templateId": "Quest:homebaseonboardingafteroutpost",
      "attributes": {
        "quest_state": "Claimed",
        "last_state_change_time": "2017-08-29T21:19:36.536Z",
        "max_level_bonus": 0,
        "completion_open_card_pack": 1,
        "level": -1,
        "item_seen": true,
        "xp": 0,
        "completion_purchase_card_pack": 1,
        "sent_new_notification": true,
        "completion_hbonboarding_watchoutpostunlock": 1,
        "favorite": false
      },
      "quantity": 1
    },
    "b9251e65-6c2e-473d-9dab-5f1a78df59b8": {
      "templateId": "Token:collectionresource_nodegatetoken01",
      "attributes": {
        "max_level_bonus": 0,
        "level": 1,
        "item_seen": false,
        "xp": 0,
        "favorite": false
      },
      "quantity": 81
    },
    "42517541-1c5f-46ae-9537-1d7dc08acb3b": {
      "templateId": "AccountResource:schematicxp",
      "attributes": {
        "max_level_bonus": 0,
        "level": 1,
        "item_seen": true,
        "xp": 0,
        "favorite": false
      },
      "quantity": 2220
    },
    "8e1169bc-b242-4d8f-9707-a01aef0e1847": {
      "templateId": "AccountResource:personnelxp",
      "attributes": {
        "max_level_bonus": 0,
        "level": 1,
        "item_seen": true,
        "xp": 0,
        "favorite": false
      },
      "quantity": 3590
    },
    "f3bda5ee-3521-40b8-b5d9-4262726458b5": {
      "templateId": "Quest:achievement_buildstructures",
      "attributes": {
        "quest_state": "Active",
        "last_state_change_time": "2017-08-29T21:05:57.089Z",
        "completion_build_any_structure": 246,
        "max_level_bonus": 0,
        "level": -1,
        "item_seen": false,
        "xp": 0,
        "sent_new_notification": true,
        "favorite": false
      },
      "quantity": 1
    },
    "86f45fb2-9124-4882-9514-c789f8511e02": {
      "templateId": "HomebaseBannerIcon:standardbanner30",
      "attributes": {
        "item_seen": false
      },
      "quantity": 1
    },
    "9a81c00a-f628-4149-bfdd-900ed9e38c91": {
      "templateId": "HomebaseBannerColor:defaultcolor11",
      "attributes": {
        "item_seen": true
      },
      "quantity": 1
    },
    "6aad6572-1812-41d5-8bbd-17e548d27e03": {
      "templateId": "HomebaseBannerIcon:newsletterbanner",
      "attributes": {
        "item_seen": false
      },
      "quantity": 1
    },
    "6675b2c3-5349-47db-9b41-dda66fb9429e": {
      "templateId": "HomebaseBannerIcon:standardbanner24",
      "attributes": {
        "item_seen": true
      },
      "quantity": 1
    },
    "c5e97bfa-d599-42d0-a07e-735507956ba9": {
      "templateId": "Currency:MtxGiveaway",
      "attributes": {
        "platform": "Shared"
      },
      "quantity": 1000000000
    },
    "f9e2e4b6-58f7-4b31-829d-f5c6c620ffe7": {
      "templateId": "Quest:challenge_collectionbook_1",
      "attributes": {
        "quest_state": "Active",
        "last_state_change_time": "2017-12-25T02:06:00.508Z",
        "max_level_bonus": 0,
        "level": -1,
        "item_seen": false,
        "xp": 0,
        "sent_new_notification": true,
        "favorite": false,
        "completion_collectionbook_levelup": 1
      },
      "quantity": 1
    },
    "5e1a3e10-fd40-4418-8e75-05f328223d52": {
      "templateId": "HomebaseBannerColor:defaultcolor5",
      "attributes": {
        "item_seen": false
      },
      "quantity": 1
    },
    "as384-ep4f-gd6857-qwwg": {
      "templateId": "HomebaseNode:T1_Main_0CBF7FEC0",
      "attributes": {
        "item_seen": true
      },
      "quantity": 1
    },
    "9xq94-7p11-f2a3e2-ax7q": {
      "templateId": "HomebaseNode:T1_Main_38EAD7850",
      "attributes": {
        "item_seen": true
      },
      "quantity": 1
    },
    "csdh7-euqd-58rs9l-oyc3": {
      "templateId": "HomebaseNode:T1_Main_BD2B45B61",
      "attributes": {
        "item_seen": true
      },
      "quantity": 1
    },
    "8z6nh-9pq9-ph1770-e8af": {
      "templateId": "HomebaseNode:T1_Main_A16A56111",
      "attributes": {
        "item_seen": true
      },
      "quantity": 1
    },
    "m4gby-2teq-43w2g5-ilms": {
      "templateId": "HomebaseNode:T1_Main_7A5E40920",
      "attributes": {
        "item_seen": true
      },
      "quantity": 1
    },
    "9rpvc-iy5d-971a7r-zks2": {
      "templateId": "HomebaseNode:T1_Main_195C3EF52",
      "attributes": {
        "item_seen": true
      },
      "quantity": 1
    }
  },
  "stats": {
    "templateId": "profile_v2",
    "attributes": {
      "node_costs": {
        "t1_main_nodepage_layer1": {
          "Token:homebasepoints": 5
        }
      },
      "mission_alert_redemption_record": {
        "lastClaimTimesMap": {
          "General": {
            "missionAlertGUIDs": [
              "",
              "",
              ""
            ],
            "lastClaimedTimes": [
              "2016-11-20T21:27:32.998Z",
              "2016-11-20T21:27:32.998Z",
              "2016-11-20T21:27:32.998Z"
            ]
          },
          "StormLow": {
            "missionAlertGUIDs": [
              "",
              "",
              "",
              ""
            ],
            "lastClaimedTimes": [
              "2016-11-20T21:27:32.998Z",
              "2016-11-20T21:27:32.998Z",
              "2016-11-20T21:27:32.998Z",
              "2016-11-20T21:27:32.998Z"
            ]
          },
          "Halloween": {
            "missionAlertGUIDs": [
              "",
              "",
              "",
              "",
              "",
              "",
              "",
              "",
              "",
              ""
            ],
            "lastClaimedTimes": [
              "2016-11-20T21:27:32.998Z",
              "2016-11-20T21:27:32.998Z",
              "2016-11-20T21:27:32.998Z",
              "2016-11-20T21:27:32.998Z",
              "2016-11-20T21:27:32.998Z",
              "2016-11-20T21:27:32.998Z",
              "2016-11-20T21:27:32.998Z",
              "2016-11-20T21:27:32.998Z",
              "2016-11-20T21:27:32.998Z",
              "2016-11-20T21:27:32.998Z"
            ]
          },
          "Horde": {
            "missionAlertGUIDs": [
              "",
              "",
              "",
              "",
              "",
              ""
            ],
            "lastClaimedTimes": [
              "2016-11-20T21:27:32.998Z",
              "2016-11-20T21:27:32.998Z",
              "2016-11-20T21:27:32.998Z",
              "2016-11-20T21:27:32.998Z",
              "2016-11-20T21:27:32.998Z",
              "2016-11-20T21:27:32.998Z"
            ]
          },
          "Storm": {
            "missionAlertGUIDs": [
              "",
              "",
              "",
              "",
              "",
              "",
              "",
              "",
              "",
              ""
            ],
            "lastClaimedTimes": [
              "2016-11-20T21:27:32.998Z",
              "2016-11-20T21:27:32.998Z",
              "2016-11-20T21:27:32.998Z",
              "2016-11-20T21:27:32.998Z",
              "2016-11-20T21:27:32.998Z",
              "2016-11-20T21:27:32.998Z",
              "2016-11-20T21:27:32.998Z",
              "2016-11-20T21:27:32.998Z",
              "2016-11-20T21:27:32.998Z",
              "2016-11-20T21:27:32.998Z"
            ]
          }
        },
        "oldestClaimIndexForCategory": [
          0,
          0,
          0,
          0,
          0
        ]
      },
      "twitch": {},
      "client_settings": {
        "pinnedQuestInstances": []
      },
      "level": 10,
      "named_counters": {
        "SubGameSelectCount_Campaign": {
          "current_count": 2,
          "last_incremented_time": "2017-12-25T02:08:43.518Z"
        },
        "SubGameSelectCount_Athena": {
          "current_count": 0
        }
      },
      "default_hero_squad_id": "",
      "collection_book": {
        "pages": [
          "CollectionBookPage:pageheroes_ninja",
          "CollectionBookPage:pageheroes_outlander",
          "CollectionBookPage:pageheroes_commando",
          "CollectionBookPage:pageheroes_constructor",
          "CollectionBookPage:pagepeople_defenders",
          "CollectionBookPage:pagepeople_leads",
          "CollectionBookPage:pagepeople_uniqueleads",
          "CollectionBookPage:pagepeople_survivors",
          "CollectionBookPage:pageranged_assault_weapons",
          "CollectionBookPage:pageranged_shotgun_weapons",
          "CollectionBookPage:page_ranged_pistols_weapons",
          "CollectionBookPage:pageranged_snipers_weapons",
          "CollectionBookPage:pageranged_shotgun_weapons_crystal",
          "CollectionBookPage:pageranged_assault_weapons_crystal",
          "CollectionBookPage:page_ranged_pistols_weapons_crystal",
          "CollectionBookPage:pageranged_snipers_weapons_crystal",
          "CollectionBookPage:pagetraps_wall",
          "CollectionBookPage:pagetraps_ceiling",
          "CollectionBookPage:pagetraps_floor",
          "CollectionBookPage:pagemelee_swords_weapons",
          "CollectionBookPage:pagemelee_swords_weapons_crystal",
          "CollectionBookPage:pagemelee_axes_weapons",
          "CollectionBookPage:pagemelee_axes_weapons_crystal",
          "CollectionBookPage:pagemelee_scythes_weapons",
          "CollectionBookPage:pagemelee_scythes_weapons_crystal",
          "CollectionBookPage:pagemelee_clubs_weapons",
          "CollectionBookPage:pagemelee_clubs_weapons_crystal",
          "CollectionBookPage:pagemelee_spears_weapons",
          "CollectionBookPage:pagemelee_spears_weapons_crystal",
          "CollectionBookPage:pagemelee_tools_weapons",
          "CollectionBookPage:pagemelee_tools_weapons_crystal",
          "CollectionBookPage:pageranged_explosive_weapons"
        ],
        "maxBookXpLevelAchieved": 0
      },
      "quest_manager": {
        "dailyLoginInterval": "2017-12-25T01:44:10.602Z",
        "dailyQuestRerolls": 1
      },
      "bans": {},
      "gameplay_stats": [
        {
          "statName": "zonescompleted",
          "statValue": 7
        }
      ],
      "inventory_limit_bonus": 0,
      "current_mtx_platform": "Epic",
      "weekly_purchases": {},
      "daily_purchases": {
        "lastInterval": "2017-08-29T00:00:00.000Z",
        "purchaseList": {
          "1F6B613D4B7BAD47D8A93CAEED2C4996": 1
        }
      },
      "mode_loadouts": [
        {
          "loadoutName": "Default",
          "selectedGadgets": [
            "",
            ""
          ]
        }
      ],
      "in_app_purchases": {
        "receipts": [
          "EPIC:0aba47abf15143f18370dbc70b910b14",
          "EPIC:ee397e98af0042159fec830aea1224d5"
        ],
        "fulfillmentCounts": {
          "0A6CB5B346A149F31A4C3FBDF4BBC198": 3,
          "DEF6D31D416227E7D73F65B27288ED6F": 1,
          "82ADCC874CFC2D47927208BAE871CF2B": 1,
          "F0033207441AC38CD704718B91B2C8EF": 1
        }
      },
      "daily_rewards": {
        "nextDefaultReward": 65,
        "totalDaysLoggedIn": 65,
        "lastClaimDate": "2020-12-13T11:55:27.041Z",
        "additionalSchedules": {
          "founderspackdailyrewardtoken": {
            "rewardsClaimed": 65,
            "claimedToday": true
          }
        }
      },
      "monthly_purchases": {},
      "xp": 955528,
      "homebase": {
        "townName": "LawinServer",
        "bannerIconId": "StandardBanner29",
        "bannerColorId": "DefaultColor21",
        "flagPattern": -1,
        "flagColor": -1
      },
      "packs_granted": 13
    }
  },
  "commandRevision": 281
}